i_idx,itemId
0,01A4hAoh6oXFlx6sHk68DG
1,01BVGnB5VnzCBTrmbh3rFr
2,01d9jypMvBfbl8fIsqvBAu
3,0Fip7gFprYkSp7Ogs8wXY
4,0TbfQCygczS8TLS1euZyK
5,0didq8ASne9aEN42lRBwr
6,0rMmV5zn8v4uvMynWSZ6H
7,0sGj33zfouebPV9na8we2
8,109Gz9gJlRxDbaSFvlOqeI
9,111uO6mEMyQfJFqPaVNHU1
10,11A1mhGxkkNp8lxHJN0tJs
11,11JUr12FAtDLJbXGeHus8Z
12,11v8UOSvp3smkbRb0xP7oC
13,11yplb4AomZCzVfxyzMUYR
14,121aygkAPdk7F1Q9Vvt8L2
15,12GXSE2KaY9D9ccZrGFjr4
16,12QqzbNzlHCYrsrzwENXq7
17,12fXetn5BqGLnf1aZys4nL
18,1319V3DNErnFLcRlAi7QnI
19,13qXMdClOpbEy8psPyvCHs
20,13wzTQ8k00rFRZrKRxtt8x
21,1425bEy1x0kphonJbiicAk
22,14KZQzKQ5GxZBoffGtngIB
23,14LUt5t8DgqaYC14IpnygS
24,14ZuCfFykydEQNY04z2TKT
25,14mannFyV8Lr98eQOnA4uX
26,14zis3OCkIXhaC13NHpg3e
27,15HQ7Ck0384g0otDD1Aapw
28,15HsRhfwmYG2jsjiV4Oa6b
29,15I8fwmxoynNIBYEltXloZ
30,15i0OXp868EP7uCjWby8V2
31,15jWTPGqzS0jE9iNpSJR4c
32,167x0VfJurULfyAz39aqB7
33,16PjMHLksw2E1vlAmST7RL
34,16mho5SBzMRgyoyhfbL2lS
35,16smjc1RI9tH6Hcw8MbxLK
36,17WseuF56C84J2AU20EJxx
37,17dNC9CEH2x8N4lROS3m7Q
38,17hapjnnK3F6uNHjKDuume
39,18MLtDQiq1bmU5MKZ0QoOL
40,18TEqVraE1OTvxDN8w2l0b
41,18j51kXtN7DxWnbcKKSwzs
42,18ugXUAErgE6WKOO7r79v3
43,190IJPlBFrivqC4HoQUEqc
44,19QvOqbvX3BZilWawBGq8f
45,19U02pNBwOl48QVru1SiI0
46,19fBggPi3gVGsDznSZpM6X
47,19jK0txfDZGdqEezBwV6Nu
48,19sOrwupicGYvCR8y9Ij4d
49,1AN0ZNJFKjvbB7wFeaIK9N
50,1AiRWArDlN1TiBu8gqjA0T
51,1AofLvjowDkTxUNVKtG9u5
52,1AzJHIfjJXWOLFQMrHIwqV
53,1B4jWOlYGXuqwlGx6zze04
54,1B9B0gHyjKk21R78B1gynt
55,1BEorsD437dN4ZjEHybcGm
56,1BKJRrhBEvtjiZXS9PcU4Q
57,1BgrmeF65OaQqOv0Cbl01f
58,1CNqFoGjNXbQ6fWp3OeGES
59,1Chq0si4lRVcJXBRJKcEKA
60,1CyRd1YIrhsvLqc9hKO3t8
61,1DAzyFOlzUVXub8ye3ahbL
62,1DPZMPsOa55MPz7uoQbblN
63,1DjOWneoxXdcriTQi7iB3K
64,1DniSlD9h3tZ3BGJAu7EJO
65,1DpSyR6lO2fJnkvG8fVuHK
66,1DuniQfYMkZfQmMKcmk0oE
67,1EA3Q2l3QyYnjXKFBahis0
68,1EQsAhNDSMupJ21znzvpqZ
69,1EmXWQMKV35aYWl6NYFNnk
70,1EvExRK70cYMntgXbjYNPy
71,1EyjdeMEwiEpO0nqdbh6tp
72,1FJPFuYdywQd0i5Xauk3rq
73,1FSPRaJzkmbFTqzS3JPoEW
74,1FaGRuQ7Cs3CPUcgSL4o01
75,1FcBXZEFHRiUzD046KZ4aP
76,1FpkvvFYOGGhk2t0IRZ5k1
77,1FxeNKY8NHQdXJhXPcYCG7
78,1FzE0ExMVLxqBZy6KxliXu
79,1GAzYFot65Fk6W9SYmlNGj
80,1GNRohegQippKtzcDsPZlv
81,1GPkcBR0jIclRewWctVWk7
82,1GoUO0gSavJhKpqFu4ShWw
83,1GqHfknyBeM2G4kqYkvgnu
84,1GtU8qR2lWrh4oeeSSvXie
85,1HZCT5Nvs4DCbn9fhvi7xE
86,1I0l1ttsqmHmKzKegymNlW
87,1I8ICEWb4FY68Eu8HBG7P4
88,1IJsJI5d2pNgcuNyNI0FMS
89,1IgSvnB6wqU9UkmgZSIM22
90,1IgrWlH98YOBY9fgneNwXo
91,1InnhPaL6kmRa1yz5mQGfS
92,1Iw7n5monPotToRLi2TRO3
93,1Jl28sPUFGux3qyUJ8o2rE
94,1JwD9UFl67UPYbornTmRgN
95,1Jzf3PO7vpHx6jwiVxWrgh
96,1KEdfH0I819bJzQCfSW6Wg
97,1KTCgM2lTVv81bdzlcizT7
98,1Kd5fEVHcARhDqMG1TLtYx
99,1KkXtkPZHeqilJ3frq0EjS
100,1Km2wPgT00tQTwZT2nu4TO
101,1KstOa1xhsnY7IPwr8eFVX
102,1LrYoreNNGS1HixcrTKTIu
103,1LueYlhV8Hx9PYsbUkI68p
104,1MbHJrNqx2H4tMCOx5P7gT
105,1N7jGLWRpslIxiKQPJczJt
106,1Nk5WgWvFx5RWB5Dclheya
107,1NvLNjoYUGR4y0XwEtS9i7
108,1OiMR5wLg2eNQf9EIVzwuJ
109,1P1j0CW8lyTecgoxr26Ptv
110,1PB3dyJoRZ37RwGmFmB9ao
111,1PDiGCq9wDXGrOUCi539TY
112,1PI8cBrssEpYJAAUiUV372
113,1PRahg84xpV794Ag4YDowm
114,1PTjWOiIhtNHOfK4GkpkyY
115,1PbzJOQMkSzVfhha8VgzSv
116,1PnG6KJfihAMm2knABO540
117,1PpqQsKELoR47SCsg9C32S
118,1QJFy3gwSYlqSiTGRvWiMr
119,1QPTR1FD12aI6jRKM14mVO
120,1QdXPSvxA0ANgBZkr6dxYL
121,1R04GlZcidvEpT1e67KbXd
122,1R8ZQVC4yyEpgyJR6mBrdQ
123,1RDyrLIKMV8sIJpEB8d4AG
124,1RZfwkpzTyT4c8WWtQM2RF
125,1RvM75PfuzOvNfa0d1iHMr
126,1S0sXjyFEDJ8eWvss33asC
127,1SAo95AkM2D4npJf31JkQ8
128,1SB3zNZf7cbuiQYO2W97H6
129,1SCC50V3NpiBRYhMUNLdUY
130,1SIyx725SGrWEcd3nZxNL7
131,1SYVSgneIVB4dPG9oFHkHJ
132,1SmoE25fcuiRl1CrPOBzqi
133,1TQXdstiaINjnzWDXxRZ35
134,1TToxeuoC33Z5oceTq22Or
135,1TsWUogorHC7YR6HH6KZe1
136,1UJCysQJi6yfPaBs9509K6
137,1Ue3ZlnRZJhwZu7MTHesGi
138,1Ut0g0gxWJdQWLXHb8X6Gy
139,1V1Xwzvl1bRqHXrMFMNb9Q
140,1V44O0dFB12HKVVupQIuda
141,1V7R0KsVuJmaINb8wzwymA
142,1VMoK4mDldQxvnNxUkQDNt
143,1VkSZJF3ripcprcmH2fQAT
144,1VmEygZAsstxuqzZ0Z2bKq
145,1VnOdPd21Uv8Xz2YgcqMxu
146,1VpZ3MWO1aJKzwUS0Varwn
147,1VsPn8gtk9qYD3dkgnAxX6
148,1WH2pV7fqwjBFVLgQZI2j6
149,1WObqy7kIC9MN0pmCRHxm5
150,1WQbVY87SBODnx8F9QP3k1
151,1WXfHYtw8qcRomiqB39yxt
152,1WdAtNdJZ6LwJt8LZKjbSn
153,1WtZupMGJZCu9ChgICceGF
154,1WycXyeI3ua15r5dHmGGbZ
155,1XInYHRtu07Y9XPGB0AfqA
156,1XNDQSY9PObFFdcmA0rDDx
157,1XcyQAWlcKs3uF3G0oroux
158,1Y8lKAB7Yw42aWM1bfKPsY
159,1YAVOj8Ww9Jht1DWQWRaYX
160,1YHBSxkw6EPdfwV4a59tZf
161,1YSubJUYAiDPtLrGwwKm1x
162,1YWgyDO8aaQLnfUEpyqOBp
163,1YZ2QQRF0TPAbiO0xYIZc3
164,1YxPoxsfWuSOxYODFHiJNn
165,1Z5FKy0dzPFPzuUagCv9MD
166,1ZcLgsgmTFf9VkT9SkSe6T
167,1ZidUQEfaXsgnqjI6Kws0K
168,1Zwl6mHylg2vycPT9OUFyE
169,1aMMLJ6Soj3fSoDuS2ePi0
170,1adi7EvuPJlatr9AMXGe0r
171,1ahZ4vQu5MDPiGHrscQLbZ
172,1ajB6DMVmHqyKqFN0rnqqD
173,1aztPECUpjl1ZQPiNGu4eh
174,1bFDlTFh9FJ4gBlRvO9amY
175,1bPR4guVyztouDEz6ARai1
176,1bnE84kbVYUVzg1J8F6gfR
177,1bnjkylX8PiIt82LiEoSMG
178,1cBcdnb3fNz9lX0INgytvJ
179,1cFDEBaawcKUipPAjHhZjA
180,1cSysOViHrNKPd7YUwru4M
181,1chHeLglbxbVzMVefKwMnM
182,1ctPKeUXO7TeO7EuEcJBjf
183,1cxbT00wOvc0HXd6rqS5uw
184,1dA6EzxrBpYB9efeyNlwQx
185,1dNCkczCLQskZ2iMQwD7hw
186,1dpXW8mhNx9oc7TirHqy1N
187,1eB1xk0APHE9ZuAoibhu6O
188,1eFa0N1L6e0VvlwOtEYwTm
189,1ebvoK30jhUI6kHwz2dIo7
190,1eyO64twVfEbDZGsBQlWvE
191,1f65OwPsOAbOQbmfi7wCg1
192,1f9vRskgliKzBda8SlrBL5
193,1fawFe6dMXC5y1fGhyC86w
194,1fma1WN6kHer8LXbd0wYbo
195,1fqRWCJCHowVSLQSBodiMd
196,1g2Pii7ao03qNIxA7eQd8a
197,1gB6fDeytFOBle1kb7JftE
198,1gGgwMncPiy4J4I40TuS87
199,1gNd2xoTtwQnAxuU3W6YFY
200,1gOCBzmeLEWLuHvIfQSFKJ
201,1gPIEnNuNjK92ZV7R5lkhD
202,1gUG4NRmEdLsplh8medZKR
203,1hABJdJv5j2dwcB6Xuue5v
204,1hIROEu0FvcvbpbbTFWdAL
205,1hJ2ZizUrv6uwkJVyAfp29
206,1hKxi9G4dqiJAxWM9C84CI
207,1hUEATE2XGMpEQvnl7XB5C
208,1hYgGkHqctnnjA5KWV6TYK
209,1hYtsAeVE4KvNzqwdnK4lr
210,1hoEk2g4Y0AC9FtPcaUv1o
211,1hrlK3JAj3ZdDHKXXiq7Ed
212,1hwxYbW246KQC2izwJ5Eba
213,1i3HrzDWo718BYYJDL9RE6
214,1ieHYumioYhGkbE3Wfuyvb
215,1ivi9GLOXUu99xetRJHHPS
216,1j4heQzqjgDHdUhlaXakvr
217,1jBDBoUUckD4Y9nf6ulBOO
218,1jYTo5LLqjFIT0YnDZYkgk
219,1jhXJFf6gmew5uJRxZO6Cr
220,1jo3gudvPhhqgyY79B1thT
221,1jwi0rIwiiVe0lpooVAZzA
222,1jzTfoFwU7WB894lfEhCBy
223,1kCUTUTi6xns4Qt74fYqXL
224,1kX3Xfl9dAiTgUhKHgqIgZ
225,1lKLDYQryRFfw8YvZkemTW
226,1lRqe4keeEffk1r7Yn8VK4
227,1lwNp8F3mCIF8ZwbIEkT1R
228,1m9jowb9yVsjt6AjS4gMf4
229,1mOxFHGUTV4Uwimb26e9C9
230,1mcN5kyUpKXc7ID9Lp9slX
231,1mnIZOnVTUtGa9TDDAGW4P
232,1n1dlL4QE3HEr1t7FA5OdO
233,1nO0n5ZIOkghZCksGnQgsC
234,1nPPUeFEVdm31h4htx54sc
235,1nSEei2DJzc1UDt0t8MEX1
236,1nWI7rzG50jWeq9MGsagX6
237,1ndMNKwxVVelGih4CuHzKD
238,1nfPAX1w2OJZm2CFbP4PrG
239,1o6as4Bf14Ii8vrn2QKZtR
240,1o7y5uHgEZymDeHYExJ317
241,1oJBbz8Sce8B1H7HcJBPvE
242,1oiH0vPqTAEbBzbnCPmZIE
243,1p812TVSTy6QQX4gnXZ1Iu
244,1pSAYoThOplj7jfHPxmcLm
245,1q8olaEP5QmHcm1qNGfaBI
246,1qITxYKCSuCcEhrBPYZ4FO
247,1qN0AowO2SwM0XgW4egR41
248,1qXLmCvWPMq93WkpZnb5U1
249,1qgIYRRfQRvRrs9t6vFIE3
250,1rE0SpUBns9dUytHfv9M6j
251,1rHAh5mjcH256lQELmmv5A
252,1rJ7F6Hlm0CfxiBLV20jAS
253,1rPOH3oGU8BOokyDbbXsEr
254,1rj7nmHO8pJsEtmx6BGDRk
255,1ryhQ4x7eAJ2P4CxWjgmTB
256,1rzeDxXwCQYQIeMOlWGMiM
257,1s2wVolMYqsaj1ZWair1cK
258,1s9vtAseALvVIZ0w2JZRSe
259,1sCNABJKe3uMspwz5PdEW8
260,1sOFKefWbVcxVIzvwPYpCM
261,1sRijfPDEj2Sr3VUng3vhr
262,1sgsj5ns5vQ8pkZeYhcwbP
263,1ssebnzapQ46PNmOijqYMi
264,1svTU2zw9trX6tbQO7AAqM
265,1tWbXcDLfVir1BScHKG1E9
266,1tsJk43wdh8RpttbZWBbTi
267,1tu9Utbww4s5mSdpwbiqXy
268,1uWFwWd9cNVPC5m8930a2q
269,1ufkOnFmKR5xUwGTUQygdW
270,1uj4ultENF931Z6RMoQ8Z1
271,1umFnM7yvuArTTXS8No7SQ
272,1vHe2Zi2pEt4wYxKUtStYG
273,1vKcYO3c4TD2Eb3yizj0Y9
274,1vTs4RcLxuhHFMVVmUiJg7
275,1vcnWvkzM0krCFetxtpFLj
276,1vooS4AdkIxwTzw3TsDDj7
277,1vrE99qqju6hKx89H4HpTf
278,1vzNgzuUeCf9vW6SmZaxkn
279,1wNZvAV194CvgInlC2EjY6
280,1wptGFPN9QiKVcRi6dljmV
281,1x89RCU0CKlaqXcgGalbcl
282,1xAYySgNpVJKkg9YdaFTJc
283,1xAej6hQzLfY206I1iV6zb
284,1xJcVckZwpnjXfyIpaO8W2
285,1xNTjKYbjbAK3PqAFcf6Ar
286,1xRQoEtjwIM8AWZIgIjj1Q
287,1xSvTmqhCZfUyBAgFkHnQa
288,1xXicQLI7sP3H9zv2wciwH
289,1xddBDNsm6dBoHBCUtVJQr
290,1y5d7FWV9kYNRKWUsPEGya
291,1yGBnL8rAJVQz2v2ywn1Yg
292,1yfKegCbFbchjfemuxcpeV
293,1yitxBfvqIbTF7uB6c2ioo
294,1yjozISWKwHIKyZzDVai2S
295,1ysBgGKza3qDC1qSz3cIdu
296,1z1s4NJvxPw58j9VBAG5B3
297,1z2BFKlCCgApFREhiseqoO
298,1z3DoSQGyYsQV2cC9QmI8x
299,1z9SGfv2JKzT3XF97byimV
300,1zAH1P0dAH5pdJSufyEJFj
301,1zBMTLWjQLNVbFCc62qiJH
302,1zMW40orF7s3lEgbzi2CQm
303,1zPb03EmY4cYWTWxvPerMs
304,1zohI8zoKyKsiqJNTOZwXR
305,1zqim1Si9YtF7az6n3dR0C
306,20AgZOfZHhFv8ymqgGeb9s
307,20CNm3ABwpUqZ64XGydmbw
308,20g7seJ9hJ0tLTaJgDkqzJ
309,21Kxg9vOo6IiVjVhMGkPt2
310,21WYkY2fhEpSkmvRC3RP13
311,21d4oTg55WWDaQUcx1p6Xp
312,21dNRXY04C4sFgP4X11LUW
313,21dwJOeX1uWYxcMm8rLZ6S
314,21eCgHHFyPsrZiqs72KUHT
315,21mRh3tDNkCnWeYueLRYQB
316,21s19EU6zQ382iLx8l0ZeR
317,21xZxQ4D0yGHrZd7olx8Y2
318,224PpLSjSkmtFApP0xzTEh
319,22g5PMQdDT5KggJupQ75fR
320,22k3m3dDfdbRCr30MkBa5e
321,22yqmMpLtvELOtebCA6DfB
322,2305BYbo3iRSdcz6GEzeTT
323,230Q3cLrBSQDIBfZwfiHX
324,23jqC8PZbJgDCFd9lJg9o8
325,23usgzFjL9P5JZGpnHawDi
326,24BWV9HocSm0yVv81vU8Hu
327,24LPGZb9YZrzgTbV2cqJaL
328,24cRLrcvRrXhBpHv3e3eCh
329,24lI4FkrZRt0ifgRGj5LNs
330,24lZ5i5MPOzJbXoK7Iv8ej
331,24ncP0oLfSljuqVCvcWWJa
332,252ibMglB0vpEqTEphsEox
333,259mIISQhy0OOggPVKzH6T
334,25Dpv3UE1cPRJaRAdoPq18
335,25Jsa5V5oBxaxkw84cSQPM
336,25lWaYKfz7yeSpQawKW3KM
337,26W6HIcoR1DTFppcEFAKUn
338,26i5OHsTNA1HB7pXJNhgoo
339,27y6Vms2O0tflNHPPTHvq9
340,28K96JPdbXNPLVoBRJOgDv
341,28MjTNMfLPEqnFyyRw5OdZ
342,28PpUwrqFt1dj7uiZZEQIP
343,28WhwL6JDFZ90thUFOTWNw
344,29DQRsua46yn3kEOW2vZv0
345,29Mrfv9HNDncGUZLf3Y4Wu
346,29Si7KG6zZJC9htBVO4bpc
347,2AEPYgvwgyRZgHfzKtPVdX
348,2AHfWH1i6QKVlp5FTNIK2u
349,2ANkoO31sSmIa7YC1NWQ9X
350,2AVoAxq3byd0P97gJoXjWo
351,2Ah1PyOWkKQV6qENlPd92a
352,2AkCQNA02JpKstmybLpGJA
353,2AkZrGdjXYL4mTMRZtZtgh
354,2BJxUqWn8d6FXITWHonAf2
355,2Bjar5qLzsWM8NsT6obtam
356,2BwV64qac9D1PbWZ4xYjGt
357,2BxTAxXR8SzMqni4in86Jh
358,2CVher1hbNHdwnpCEpiz9j
359,2CYd9s6L7tsfpjUu8hx8UR
360,2CrB1ZjZNsUVgyjiksVXGx
361,2DE8omtQ9zB6UXTaXJ7eqZ
362,2DPERbxGkYG7cwDJGxN0SA
363,2DwwHchDKflX9kRCqaMCGk
364,2EQEmTKrBQaBSQCsjsSK6h
365,2F5A4KLO4EzrviChz6gAkE
366,2FQpsxm3E5kZFohBDKsYnW
367,2FWpVIaetWSCtTGFemvkHo
368,2FZSx4qLbEF0QFjtAXfw0P
369,2Fa6SCtaLlDgzNqz6lXeUb
370,2FvpzPmBJzyGlkyBjudnxx
371,2Fxjnc4icS2vpOh8ukV48N
372,2GBa29UHaGDcRGSZUSc9EY
373,2GW8n109ZPjiUjiyKJSMoO
374,2GjEkaN9q3oSZ3xTSgftBz
375,2GjLc5bmGtI3jI5cLt7agl
376,2Gvju9a8ra4xgbjWZduBwJ
377,2GynnSBWqlTAmDI3kSzyed
378,2HCyDlsNOsfkjdaJ3es2JF
379,2HQgeKz93IlfomdMCQwEJU
380,2HgBb52O3x2bMl9PMxKczf
381,2HjTlmP4xRoWKDIYF0AZ9G
382,2Hs4KXzLSdYvLoxVDx0GHD
383,2HtMQcnzCDle36bPwEzT0R
384,2I4CY92CA5tzIbts893qoX
385,2I4NLF6QY1dQSfOlzK9hGt
386,2IEC6i5wMfJzxyUqdh0dQy
387,2IG526UA9BeSZpYZ5Fqn1j
388,2IIASqOMKvukfCYM3PDvzy
389,2IhKDsrkzhKoyVJPZCnbZ
390,2IkkRWNHJ8qj9PKtMTryGV
391,2IuQ7syOWAGtIZzsVQkTfw
392,2IvuoIQK5d8n0uWJpkWL5l
393,2Joc3nH5VaN7tv2xDWn8zc
394,2K9scT7rOWrw0LHZz3FWWj
395,2KZjA1sMimn9awbN8XtKMZ
396,2Km7ACRVjyP8V3pk6ZizgQ
397,2Ku4pVVwzT6F5QVFdnNZHR
398,2L82wYhNltTDL6oQNMC01j
399,2LA2JL1lZYj9x1R1Xe5liC
400,2LDG4zdWnUseO0nKUEEmXp
401,2LFk8f6XBOlO15GM6ryYuX
402,2LNOIerDJIkPjWJ7pHckK3
403,2LhCv2agkIhAVQV4wQPeZB
404,2LjGzhrhzM4olIBsDSFZ6Z
405,2LvoA74CGSYNyxFUhZv16z
406,2M9hcFhVkr0gYv2ZSiZYBx
407,2MpQsmHGCOhBJ2UfYSJw6Z
408,2NKNlKO0G5f2TKaAFKS6co
409,2NV0yLqoMJ3ZrfOyo6Au1M
410,2NVnhoJfHb7WLumo27tQEx
411,2Nd14Igx3fF5jDqnV3hpf9
412,2NweGrNt9ljknsxq2Dlwpt
413,2ONhiBz1hH5XfztRCGRcSF
414,2OOixfZdRMznPECbLq8Hz3
415,2OPGeGg5pYGxnpBBpQxSDg
416,2OT0Lg1tHSicXJ5ZTjIITM
417,2Oa1QvPwo1bxSLH2ErZpDe
418,2OgUdrPb77hSTQRAGiStgw
419,2Oph4D1N9FqVZuJBA1A0od
420,2PZpKK4qINE2WwA7t9iRWG
421,2Pa4Tx92ArQ8SC2r00gx63
422,2Pn3FhXOmtvgxXaltos9sD
423,2PoDdBD0yYew4JnZV1GjRm
424,2QBqvDPcjqoeuayAxwi4Jr
425,2QOFpLI054YeDSgsw3JaGe
426,2QRiDLjiCyYlmUMDTWimNe
427,2QSY1H9rh6q7KrYioI9MTx
428,2QmOsvpsKYpXKr4YKdCXBt
429,2QyyCV5UY7lVz0bM6bLLQM
430,2RTMj5CuEJbiVC2TpWTjzq
431,2RbzBRIOzaBFC6VSVFdJC0
432,2RwmfrOsK97vcfKwzAjcrc
433,2SgmKyFxxyF6Ynk8pHBIjE
434,2SpyjJDdnh5sphIUkJedVm
435,2StqivoyrLwvwW4qDxx7wq
436,2T5FZw2Lm8Eme8xByoADZp
437,2TKDgvXR0v8AL0f0W6wTsb
438,2TRpniK2EWHJeWE0boFIlm
439,2UFsXXWcW6MbPgp3NMMGMP
440,2UZfO022lHNKyLAUB6ScxV
441,2UjNB2sD8UuADPWCnAIIe0
442,2V8cG4ZjC5TaMarIyGzJ9d
443,2VNkbtbrDmI3FxAWy7FN6Z
444,2VeFJej3wKDqk0obSkytVs
445,2VpwiffmKDlqwzJzWu88Ab
446,2VzrFONskEXXjIfXHT1VYV
447,2W4uYt5SpRI3MtL78OPUmR
448,2W8xZ1VDCCj2YBojpOP47M
449,2WX2R8srDgJ3dPR0FLViSq
450,2We27wLQ8oNjoaRhk7J9dM
451,2WlCjuXNpqNm9hxDdnSWb
452,2WxMBQGdDBnga2lIhU7eKu
453,2WxkNLLQ3t68p4ySyzvFmA
454,2XWRraSO04iGiHAW5zAVdq
455,2XYN9Ge2tA5cFtaf2dqxiU
456,2XcBHc6YIXycWFW3BY6j4H
457,2Y033CnUOR1f8RR5e3ogvy
458,2YRSKqOTGj6aSb2Pq0ssdw
459,2YYthgTxV7IORZtePv6vZl
460,2Z27FlbJcqgwwra08J3euc
461,2Z3pI6f2blj87OuwkPZmeO
462,2ZA0PtCT2Qlv3Tcv2QBK2k
463,2ZDPQI5xzXOVldb3ibVg0E
464,2Zc1s0JM58nIE2eNRR2qER
465,2a1OB5RNkxGBKQbvKinaIL
466,2apN5TenXjxBYm6jDbWB28
467,2azAvS4MD4kL6CaHHxb6XJ
468,2b52bmPmjhcUMcfGP1KKhh
469,2bcXXqVOF2Hi4asri2hanC
470,2bwjpNOCxhy6R73l0GKnes
471,2c66LqyQOsYIbFsfyWH5pH
472,2cJ14WwI4OkuVGIVh9dWa7
473,2cM1fWgD9XI5DiCezELqDq
474,2csDxQXjM10sRzzTVPSRcA
475,2dBINHxxhXW1AqlOklPJUg
476,2dOXF4IYqNupCrHEutLkih
477,2dbxzYHndF5GQbopdABIG7
478,2dicgAdKjKbTBdaHL2kMnt
479,2doRaSAlYUPrpUOenKnWua
480,2e5yTFkX93y12sdTj7xcHj
481,2eDMRkgV53Q7fp2r5dJ7SN
482,2eQ2UEZtV7PAgf8fIP2rhH
483,2ecjGkwak69KUB2BP7t078
484,2eeGoQOvGm2yMm0tpC9BIP
485,2ekmHgXjqZ23jDTLuKx8re
486,2fElWdtobEHh7FmsMtEQDL
487,2fGIjWdDzIHudBAOHbKUVO
488,2fP96RLHM7gv41U3Bf2KrH
489,2flLSoW8wdMYBeKHIXnA66
490,2frB88zDpFhQM7KVeJFFVI
491,2g2O18Zh8a2UNkvtgTSoHo
492,2g3e93OfbZ3z9u0dvN2lgo
493,2gZmrbXxpx5KhazgQSAjGW
494,2h13nIrqTNUgGKMgGgWdCb
495,2h1r2wdbX4FAsuosr14Vuq
496,2hEOKCngjk9BJraIyPk6a3
497,2hM3oihYXHF4ILOcPY1yJO
498,2hl2Tzb03QKEf3fyV5sXVl
499,2hykLTLXl8CBb35FKCiLMK
500,2i37zX1DrYmsqWWKNjuqTC
501,2iKoSLQh96peelAQmlKTCv
502,2iylHjotrkPb78a1c7YRW4
503,2jYAr5EQUXS1By6KKjy39E
504,2jkLx57CIuk0L21ZvGj9uE
505,2jwdC7YQueBbzFL4fYH63M
506,2ks4hnc1t5d068Ux23Uivg
507,2kxkByNjuo3N2uMVmB54uL
508,2l0i58MpncHiZUMGzomcRl
509,2lFT2fs0Nvl7BfvEhvAkwh
510,2lTGsPQC7uwDDg16Yauw9Y
511,2mHlRVkmhH6iJHZCjdRcMj
512,2mMBpwQCeBkBrGG85fNCTW
513,2mTKUGVMDEsXuzGtpx2lKs
514,2mbkoPK7WEc25Wg2QwtzPl
515,2myD7ezonekxlUP6iunwwP
516,2n4xF5b51drgfg39zS8S1q
517,2nEyImJ7HmyvDcA6yVmkYn
518,2nJz3PFFa2IiPlOrx0uKFP
519,2ns5hz9EFixEK0okFScGSu
520,2oc2WeWwpTyTzifPCHclq9
521,2ofXlQvApc0PzY7ARBsbeX
522,2pAyZcEmOOypICs7jHlvoF
523,2pB9s9Czh5zfIvMiYVUmcD
524,2pMKwMiudxaHutm6eI1yAh
525,2pMskKQD3Shqx0leA0fDOB
526,2pS31p0ZkIqO4CwxiSrn1c
527,2pb7aowsoEex20BiGjR3Ji
528,2pib2IgBl6hSjOVhvBozxe
529,2q27qmE68VGPAhbnzx5VIN
530,2q8wRe6P1Cpw6K9gAGS9ic
531,2qJ8GLPtTyN199NXARjVIk
532,2qbhLdiogwicNFKWOifAub
533,2rG75kiKsgJhVDHcqIwaPd
534,2rZyQp0vGwviC0TXvKa1Ra
535,2rawHHAPo0EuEWVQxjrdMN
536,2rw5EWsyKc5lBHjlrCiZVT
537,2sHOADaMcJX4VWRXQiFuJY
538,2sZJIKqc5vF2uz3ii6gOh6
539,2sibDXu7RyTFpzwH61kABP
540,2skRUjz7hEFSz8piJjuUmu
541,2sphSYOBs4D5WYhMlu5VIB
542,2t1PR0WmIzUM3hOmLscoUF
543,2tXfdq4ISRRIqlg75lUcGM
544,2thgIaOsLs3Y8awE6wSdYV
545,2tilGk2Tga6uhSg3YAhKhn
546,2tuYd1Bdb8xEVdjIalcq2b
547,2tyuZKyENb7RyhWjIMEXZq
548,2uBVjJmzavMhFTrzXyfPtg
549,2udrd9yuCM5VUMHh7cSTix
550,2ukem9WBUeC7pFwJYBJJqt
551,2urBmrQztFah9kPth1BoCN
552,2v7TSYrny6UkySBgEI08LM
553,2vQOZS4Ger1xDeg5HuHO3H
554,2vj2WK7fKKZvbem2Aj5oAb
555,2vvKx8G5SdfTUAVL9M54WO
556,2w6u9KIeC2A6wqxU9ItaqC
557,2wGZw8UryzTK6RrGPkdZZo
558,2wvgWgWeLZNGylHX9KmxVw
559,2wyM3CP48sp1OLLFIG8HF3
560,2xGMEZK2Gn9mKKE3erZvQc
561,2y9TBukTBr1PybKFyWShQv
562,2ySJa75iqIQrE2ydkoFcAt
563,2ytiOGyNzZTRIywd2jtdcB
564,2zG3staoMgRB9lCxMLEtAk
565,30am03dbALmKYndttwaCHU
566,30b51l5vHEBC12W7TjJ3y
567,30o5GvUWxWbZ1gtcQz9Ord
568,31fzZz6ef6Q9n0v9adGdtA
569,31jCFnN4U0t79JAc5wyNH9
570,31uRft9VGDWtd5uaLCZypZ
571,3211CsJ63jpmNyDZwv0yG7
572,32Erhs8cktppW4gHXWE4dg
573,32HhDGAcFP2vIDlCMkWN7i
574,32TazKVakyhVgotPoRvwPL
575,32s8ZhArQJfrTnRAw99tXa
576,33CfoUq1yMUB3Aq7sy7cx6
577,33DBmS1XqaCImYPSRh6Khf
578,33IWj3tyzOBoLkLTEfAgNp
579,33KH4tqqE1S4lklKbIMS4m
580,33SjkTfYBfOvukOQHWMwdI
581,33c7kZnvlV6DAH55vJCeQB
582,33qs4VqhzQum1Gxbm2ICbX
583,33tSlb8nGuXGBotfFQFpyM
584,33tXIEauhykwpIxTawU2cq
585,343XusttdjTgTzp1iX6yoH
586,34U3LI4q43isk7aJxL9uOQ
587,34r2ivDIL4SXEeoVIwO0P9
588,359AF6qyLGwbr6JuiNQXKo
589,35OuD4Pnips4RGhLCssfmZ
590,35QGvTmtbvnUHP6bYm5QSg
591,35rhqY1fh5L6c5KZrbHvEm
592,369XLzM6rzM97y6zhXuRRt
593,370TQDwG2FsKL4FrUHmAMt
594,37VxC60iXv5S2Zjn89vWRk
595,37u90ZVSrOVElOm8LMyD76
596,37y3GKAN39DOjQ3rBKHIJv
597,37ysqSlk8IHGpasGX0zPGr
598,381nnAQrOVrrj4GFbLFhfQ
599,38FhksQ3fnrY6jUyu3OJrt
600,38lawN4eJfDd0PKNOQsyDf
601,392h7bofKwzkL9jPrzk6WN
602,39e9X7pvnPBnDT6otMzc85
603,39yJ4p3h4Cv1Oc7jdvUhp5
604,3A71fB4LxGNFfgiUVsPO2t
605,3ASCPFbrEZ21ViPmopMUIl
606,3AVZ42AsUs4WpETat4xRt
607,3AnYWgB1Mka8m5PUmGP3dn
608,3ApJTWFO0xvjpcpnKFaCKn
609,3Atvs8XD48a2eLHaykCrEM
610,3CjpVl0BLBkTib7zM82J1c
611,3DAYv1lAyNClH8Q2ZLpkUI
612,3DIolOs8M0fAzF8lX6xbnR
613,3DMb4U0i9QFwQn1yWDf20h
614,3DcqRQVhEJKqKu3wvdCAjR
615,3DdPQdIpQoI7QIlJiPP4z6
616,3DfiX3GyLK3D60VmITURNd
617,3EY8TvREaqgMgY7TVjFidI
618,3Eginh4zk2At9FKMQsLlDd
619,3EpsaAssxVDo99NagPJWK2
620,3EuyUOVthcOw0U3EITRvGx
621,3FMGscLrbcCgfX1QlCNYiK
622,3FZa0LdLVpmetAVimMtN3t
623,3Fmxt0VUTyf7wUv7WNHfb5
624,3Fnp5iPwi2qWPOV8cnCtlU
625,3FtrTJS5rpQ3NQoeq7b8Si
626,3FubhqEfPLZX9I5qVoheW9
627,3FvPTGu5MLxJhvpIGPxLGj
628,3G5iGbbMkYIzM6ZsbOo2CW
629,3GQG9EVCxrk8UZIZ9XRZxh
630,3GZ4kQNUAE7hOpmqRZdTjI
631,3GZF7HtCLZWwBSShEj5Bgs
632,3GvttZmSgI5BY236mpiSrM
633,3H7kPh2YtV7e87VL1Dlot9
634,3HGIZi5niYi4YNsSsoPC1Q
635,3HLJ0hnEZHpfwXIAqfmeF0
636,3HYlwRTDK07DpYjpC2gVb2
637,3HcBEJo6BAzZRr8QNz3lxO
638,3I3C1duzGSlPnGwdNejlNw
639,3IIIG9E2vOCSJxPYlQDJ2Y
640,3IJwdeThnzXqx49u3rfhY0
641,3IavIxVZ6ods8gRMrWndSW
642,3Ic9inHvx6MPOYw8ytvvDq
643,3Iso1jgy8SbAnOUcuBvLL7
644,3IwKKf7rsVzxI5OX4GiCDW
645,3JUmg69f77TrvpUPr489wu
646,3KqoxtCSczS674pC6NyUNp
647,3KxHnJbveG7anz8HviCRNW
648,3L58I6hlpHriC2LPwm5KMs
649,3L6OsjHumuROEPovNcCErk
650,3L85MxGSfYOxqtxxjKfFus
651,3LAYd1nDlWBighendRBKRu
652,3LO5S9d6ic0PpyFMcoLWHF
653,3Lt1KsRTP6TcU9cls8YI8j
654,3LtrOQSmN39YqSLS4zd6HT
655,3Ly1NYI71Zs7pPDseTZoDg
656,3M8iFstMNu28GuSXLKp9lV
657,3MH6ZVGP0mMbtLiT3I8qgL
658,3MXpK9yXVrEKFKQIysdrPa
659,3MbYbHPaXXwrVJhAMoU5Wr
660,3MeoAVBKEPCGFd85S7dNSW
661,3Mgms8O8U4ZaER4Reb6Hlk
662,3MhukE1bJz9wIYBYQoZHeb
663,3NE5VwCnPHbtZwis3o0ZUH
664,3NPEISuvRl5ZTfibeudUGS
665,3NUziBBCUGyyV45QWnpL9a
666,3NY5miuAXouB9cDsy5rWR8
667,3OEv47mQVedSv2vSlNUGT7
668,3OZWga9ofdKavT20ZqGQYH
669,3ObjN9s7lUfajcvzz5SPML
670,3Oe4vHd7xv5Sa3QnEcZGX0
671,3OxRRQxAOrmXPowoS6nwov
672,3PWSUj2D0FX6NBrSFCfMJ9
673,3PwG6l3N9xTwQcCToo44ir
674,3QK1QYo0LikRMt4DcdLeHg
675,3QPZD10LuGZGdnVOhifihc
676,3RG6MRvDCrbc0lka7Tc2rc
677,3RJ2zP5tIG77ChnFiSFyX2
678,3RLBddWrnZTDHU1L6CYAqJ
679,3RbWJCff0nLt4iidK7rbMm
680,3Rc8DTQEROtr49GX203hUi
681,3RmUlFKzjpZJtUL6lRZR05
682,3RwLSqXH3b2w7fWScGqCVc
683,3SEQ1tPptXsFfGDQVanj3T
684,3SVGcINRTQGPwbmoVsYL18
685,3ScIXRJ6OckPCjfwsngcrz
686,3Sdy8uhGt6wgViygIsZcmg
687,3ShXpRiLXo21H1AR5rsY0b
688,3SjeYNPIWTZBvaW7LQpSw4
689,3Sm5jq4qocYJSBNvcWn8tK
690,3SzPZ1XNGoZNAK0cdXWk7F
691,3TPV3NXSs40lkTRchZ18Dz
692,3TndW0mCS6l4vcB0WFNR7R
693,3TnpKhioUAoAcPBFCeY1V7
694,3Tqo1j9RXQ1tIrZHAe4bjq
695,3TsdKoQDS1kp1g1bOuAGiO
696,3TxOkQFfqjwO6Qp8V9rAv
697,3UJW0tZVHLmZntdNPRpMzr
698,3UXp3qEJAnvI0BEEpK7qTG
699,3Ud0WPjgP0y7ZX1imqtmAG
700,3Uo7ZS4qGt0C1kHx0toUtk
701,3UqCSlrqbzL77QcAvHKgl6
702,3V9jBx4PS15kPBgOkQ0GHt
703,3VPVc2tKkBQeWL03CHOgLS
704,3VRxZbD0glpiHfXj8bgpn8
705,3VVawL6hF710tpxNCTIBpl
706,3VmpRrweKsdqzZmrWvB57u
707,3VvKCm8KAFQK0htnnrRzs7
708,3WD1nrSEZE8xh75PD8Hxsx
709,3Wi6FClO89dubRcW9CvZt5
710,3WoxbQIhjnjKLWVeqVXhxJ
711,3Wr1ncV6Sq3NDiOcPnTDDG
712,3XM73HSLDMpOE285AeYPwn
713,3XbtqRJMdwoXvGDIVKWoHd
714,3XuslW94ZvLajPVmtIXO5e
715,3YVZQCPwZfoMaoOCDkAY6z
716,3Ya4dEN0atcK9l8ryfZ7Og
717,3YjCNkyud3A9tFaBE0mRyy
718,3YoampGTVjZMECAcbS7hzS
719,3YoprVgjHPwMCwbfMHMUSK
720,3YqhkYl1EXPa5Xd6ofyi9m
721,3Yxw3cdMZrrW66Lel7l1vI
722,3Z1F1Pmt4Ov1fyCItZ0SQN
723,3ZG49649AgLLBO7kxuXRjB
724,3aEZ96BeDQ7zK0mLhDJQ4Z
725,3aOamABZt0kMMNiswq6mGy
726,3aiaXmavmHolznw1oXJMLi
727,3aj80siSfJMpBCDrYreFjG
728,3b9ugM0eB7YOFvnsu6vCYg
729,3bAi0fQmdxV76uBMlkmkOd
730,3bDwUOlVHBDZSs5JsQg5G2
731,3bUfjB97tzvCeHSnUMFKvW
732,3bYBjTpyLx79g0ePx9PwfW
733,3bw30kr6GpKpIjhibr5RKR
734,3cASzPhxpL1TKNiMWmxQ0J
735,3cUJfcAFNFxGbQ3NgNU1vQ
736,3chpwjLYtf7efpt6aVHfQJ
737,3ckEU2XJJ1aAPtKSi2frgw
738,3cwUqytnLfeWnf6726gLZl
739,3d1HSGRx6Njh2ZSIUaSBHO
740,3dThbBx006TTcUhaOmndar
741,3dalqfgMs5tdUY86SQ8BSl
742,3doDePCNG26gHmPOlauEkI
743,3dpVA3a2mAhxirASvsHwQz
744,3e3OWIaEzmkEZxTdcz9xhd
745,3e8gwmNC90efHo1bgYDrO1
746,3e9V6AGgeNuKvvNRcly6Td
747,3eBJwTZDiX4Cj93uQtRERA
748,3eInCLVCUq3pL9PmtGEWPr
749,3eMm81Wxgw2P3PY0qkzZN6
750,3emhr16jWW97a2jz0G19r4
751,3ffg0Wo59ss6mbeRgSPzDx
752,3ft7Wyf3849HJhxkfCJL4H
753,3ftG2CDpd3kyPBMAKDRtge
754,3g8KsIFZm8nWEWvCJ2iAg4
755,3gHgnjRf4FZVK46tqGjS9v
756,3gLEj73df2Y1MiWrYpkvnN
757,3gYDWXeaMNX3utJ8wk5YUj
758,3gblJYiPGzDVxUqXD9QN8e
759,3gwko1K3gs56WB47y5knFM
760,3hElD1lUudJCB5LC5jnIC8
761,3hHuenD3vcKeI2NctMBujh
762,3hWjNA8sj0pc5gXeBwnV8p
763,3hXGMh0Oc5FUkPXLUlqXWt
764,3iLuvAo5MaggTcDV0SopF9
765,3iRxdmMhqrRl9S93zQuRRL
766,3igkUQ2ciAXswu6GDf2NA0
767,3ih873nsPJKeuGHhk88yFy
768,3j8FIbC9wekLXqx26jQ8pP
769,3jKZ783Dwpukgo7CbyNnce
770,3jgm4XmPad5eraA1hfR9PW
771,3jhlZruOZZikuk1F5TDrK4
772,3kM7CWUhJeE37fucS7Olg7
773,3kV75oermhwM6i6TX3d30d
774,3kVfT1J14KHAnKGTMVT43V
775,3l2NRNjSVXaKPSgu0pCCds
776,3l6lHVo4AIxmSBYnVK5Hrx
777,3l9mncTYP3a6B7avtqId8y
778,3lGIEGvHpqGbaKuxjyX89K
779,3lHUb9SJemIWrH08Hu4U7q
780,3lq2OKcdNM6N9lQeqzvU05
781,3lrMsCOnuZMMuDGHi8Qe42
782,3lrftitaNKRxRIyqpk02lg
783,3lyy5k05kJZjldFtealojv
784,3mAsXEumClG7CEeK6HmCQR
785,3mCK8ngfmlvMvThkYemsoS
786,3mNfwV2DN1m9sCfb19J58M
787,3mQ5oUuJjzutQ2l2fsXlKw
788,3miYnWp1K58OZom0CgYiuv
789,3mnRuVgTqvLeK2wS9GYRdT
790,3neYKBlrLrtFIrvIOtYmag
791,3nfuC5bRfd39NlwACpo1T2
792,3nnH0gZlNjFl2mu4NzdnFG
793,3oDHcV6FppbYjXIxYNdDjM
794,3oFW4Q0gmPuAZw39aZRmka
795,3oLNXTuOBCU8iyo11xB5R7
796,3oeiUWGzz2Ag6M63wdOGQe
797,3oyHIglHsvnE9WEJf9sZDr
798,3p114NjAywahpGkgzIZSDM
799,3p9FucKUzn6DlE1zKGOJcy
800,3pkJcm8nvIl01WBBxLYNk5
801,3pnU0kFd3TBr5JL6JkyAyk
802,3q6bFKb0sLfWjOiHaTAKoF
803,3qI0S0YEZ0oAVyD69ubEvn
804,3qTFcxPzBO1QMZMEfcEktp
805,3qUdbek1zebJWcTzoUl1pJ
806,3qoJONBMVNFsU3tH52VhUv
807,3r3r4DWKc0BjnhHDUkSKQs
808,3rGKTOoVraBxt41bJnyZwX
809,3rtjUZoXsWuPc3sWjgZz1s
810,3s6hWB6zMyZNjD5yZ3tvnr
811,3sDsZCFdzJtsrko8QfUUCL
812,3sPJX6EY6TJoM0XTiYCNaS
813,3sQJFqyAm4TrF6qFIMwlbL
814,3ssUbBlDJi6HXBpFq7vgc7
815,3stzgyexhlIjf8YPgigbeY
816,3suNNs2WkEfaSkGeb8clXV
817,3tVkBsLqw55ddkcApexctC
818,3tmJ2lFFFgKUTlHbKOXVdk
819,3u3w883bMQ1l90LERwvB3V
820,3u9IXmslbydn0L914jeagb
821,3uGCfwo2AsH6U5gQExezL5
822,3uPil75valIlRwb3tO3Kca
823,3uXloktdGUNg7nEJ9Dj8zb
824,3uluN0MCJItGdLXkCtfXRP
825,3unu0GxqvnM0M5iSLH6hMc
826,3uzfH18BmyRfUJC0Zehpuz
827,3v9GG1nLS6saxfVZYEIXxi
828,3vSFYbRvUFKzgMsfGYbm0Q
829,3vebcBfcWRgWotIO9FWbvF
830,3viXtDWiKzxbO363hD4RS2
831,3vjnhNNRW1TJ8FleatSM7o
832,3vojqV76i52jbu7LAzjqpy
833,3wPXzaX3fYAdW5EwN3EIO2
834,3wTrftB4PfdmabA36nsfgZ
835,3wjhiKgvNUHeOyeMun9aIE
836,3wk2FTulQ5C8ofr9nmBnDD
837,3wln6qyJQbZVPTfLw1kUN
838,3wtAMQcNd7O6hv8m02UU1S
839,3xD6lMYnOjWjYZXEbQMP4D
840,3xTGmgf4A8r88mtSQ2DIQt
841,3xgJ4sd5QVWyLRp4xSikni
842,3xo7G83tLwGiPaFEj3pGh0
843,3yEeOQWNByd8hp3SzNYNNy
844,3yITQTgwi4JlMoiaZJ6eKX
845,3yqroESVBNI1SF2p4T46MJ
846,3zEfSbIF77J07GXvTREBJ7
847,3zTwxJzWcaVspYOSZjtXSG
848,3zqknCnrSijAcgqpwzziJA
849,3zrabPnVX8sun8P1iAtx5H
850,40Z7enqIxRd02EO3N2yB1w
851,40hFthejXtAOn5GoYqcnjI
852,40mBTesaLIYChEssJjYCKw
853,41INK9v0fRaFN7DvbvP88N
854,41NEBWdH2XPzbtEeZzCZiS
855,41cBg7z7FeokwGjVYmoNzm
856,41gp4E9xHYtQ0vtiOLI2cI
857,41hHgHlExJDfBOKjrTNHK3
858,41ptSGtgztTJBzW6JID6Z5
859,41yFcwrycIJTF1VMGOycBV
860,42AcmtTj4UziUsa30H1Wza
861,42Au9kwDj9petPBdEsrJxO
862,42MRvdSRxwdz5lZTfR1uMA
863,42WLnM6xjJQhbvicrjAWwM
864,43CrcR4byI2Sk9cCH48GUN
865,43ZpQ5FJPo4wyZXZH43JbC
866,43c0qgvVWCmIJ3Kz2bfEaH
867,43c1eaYs3mQrJ7ZIe5Akf6
868,43hHJV0D1ij6bQ2TxAShFp
869,43jKhiXNtHVgCwYa0Novqi
870,43my185bKvcCdI2JloKXZR
871,43qgZAhQW17R8gDqfkhdSW
872,44BqhtYTgUgF7qbxyr9wVi
873,44oR8tacPFspZIXuqegGCX
874,45G7Le0DPbTqRsaYD570jW
875,45fHhuBkP8eYYKBzbtSGGW
876,45sMEs7bJSldHNvWp3iV6H
877,45tPbp1sUbIiD2GFSjFbnu
878,46JKxAaZm7AZmomVhlWy6B
879,46JvXIzelNgBorFZ2LRqHa
880,46P6RbgFN4fxIyEteZV5Lu
881,46kjp6ob6iU1fu5ioj95E5
882,47DKPFsL0vvqkkE5hrhIzk
883,47FfGKjdn98U0e7T4xKTOP
884,47WUfQEwyPi9KkE71ZbUBK
885,47cP904jkZJFITRCzoRbym
886,48JNYkelHPbT0m5ChQLNf
887,48NidRVee7pc9vVoB6zyu4
888,48vyKHdhBPFIRMdDGlvryn
889,491BD78tjMCYTZqjnubExb
890,49UM2b2QKDKacqWggxUDCz
891,49XJEySf7qaasCDPbWE3lm
892,49miyqtvveK8mPOtwYtny7
893,49nJd1dyKIoiWUinU8v6sD
894,49qGCVmVCVV4fHMBiFFihb
895,4ADu1VDIUfVqestWMi2AtX
896,4AK7fQMNF1AKPwwR0o4IzV
897,4AQthHJ050V3P0aE5uJ0fZ
898,4BLmo4lEkvlG9sh68XopFQ
899,4BPuqg72gnoryqiktHa0SO
900,4BWOk5uRBhoUY8edktIzLj
901,4Ckl5aoMnrCu4Jl3stEix
902,4CsstpHOE3vedgBXqs7WiF
903,4DiMylReqnE7BIchE8HPBN
904,4EKRTCSUU3ZDSG2VmSpgjO
905,4EoOLfkT0dtey7YL7QS9pO
906,4Ep0EjYie0tVmVnkfY1dJl
907,4Erv4ixLNQ6tYuDzVtYiQN
908,4FEnVBmMeRpRQin219mFwb
909,4FwbboxsHU3vQwBXuVRdqu
910,4GXs8EL2qzbhKZX1BefciV
911,4Gos6cwMf1uUYyqis6AZCa
912,4HHuaEVtyt4xqm8LOhxgoR
913,4HS2xE3AeKbz5XxMvOnVMy
914,4HWbvaZPxboBD9Bdu8IeIA
915,4I26sQN1fTPTzv5szx2hNn
916,4I7aqFFoxUTpSi62zaPx59
917,4Iap5GRwiWjSWExctL9ZhI
918,4IbTJQCPjsMAZnC0ekOSz5
919,4JkHl9GM2k1bs9whOQlEw3
920,4KCNH7FGLYYzpqi6nOWB0a
921,4KO01paDor5p85xFMROfVu
922,4KPtNwRtBXT9samc5Qg3ad
923,4Kbj5FZH2dVnyzGXWYxdM0
924,4KcFEE3jEcXfokMwJ5inG2
925,4Kfgk6DivfW5bxgSsECGaQ
926,4KlGoOnCwWlBg1aASImwOg
927,4L3QmglMSyBElOeB7dxix3
928,4LHbgjUAxMVVgN8h9HKNc0
929,4LL4BhjmQQVb1JCMyXhrB6
930,4LUqzItfqxtTFo9waf9H3D
931,4LY6dL2GIYNt4ezWhpcLPx
932,4LrXDsmCdDC2BWW90t3lSp
933,4M2xZfxNoO4YscPchjOc4u
934,4MAFjNjdIejhFPEUIkHwhY
935,4MTt5pQAsi3PDqzevPveRq
936,4MWThinaIV1tECRTSrmuII
937,4MYodRKLlNX6BuGHSODae1
938,4MaGfdfql02tkxRXqShNul
939,4Mj9SyM5yeNVsYMzoluX6B
940,4MrQirhIVureynQYVLeKLn
941,4MuZolHErQ5rPcK94eYbgS
942,4N4SvaabbPeUyq3eQeFTf5
943,4N55rGszrg1huCuv3cPrG8
944,4N7IkP98olhWfBhU9T4TFP
945,4NJ9a6dmvIpuz6triPyNxU
946,4NRJmyh4FnKr3lbk76bC5M
947,4NdlTv53dsdeOVIn3cmZLn
948,4NgTf2Ij5oWYQgn4P4tAEi
949,4NsYCRdf9sa84BNJM9IKXf
950,4NsuHn5hMfBIQnwebDpyke
951,4O8cthaQeuWqFHwMlyFQVW
952,4OPUsT8xM25IzBwaYyaBKP
953,4OZzUg1Ma6JygrkW0pcAuC
954,4PH5CQwe2EHpOL2PSmoMG6
955,4POOhHo0BD3LmzZL38H6Ep
956,4Pigu0p4Qe4vnWrT6NDmv9
957,4PnCHjYgER0CngL2xPL2RV
958,4Q1enQ22KS69BjNcpgiDgD
959,4Q9kkZRdY9oLP0UZy26XG8
960,4QJWNrNh6X6dSllcCxP3Gr
961,4QMUcKL59TfzpccX0duXkj
962,4QbZ5avf2cLlh4H8id15bU
963,4QdNgbHkgVWY06Wbu3PqEL
964,4QfOLbR5zMutwgpucxPzYB
965,4QwX2Ri2mcfVPKc3MetNJa
966,4R0Wtbi4xfyMaqaBcqdTA4
967,4R5huef0CLZnFE0p20I71U
968,4RRHJs1gNaemVEcrtUC8m9
969,4RVx057XLxlF8NsiVkmuRr
970,4ReMYpqLujbucOnU2kBeJ
971,4RryzWyGS4VdMtOJUm1Fs4
972,4SVuVUdO3m0tLX6mqb99F1
973,4SdIG6gEOI4Acq0rXsUgDf
974,4T5hdS5s0YTMnG0o87bwyF
975,4TJUbZZqLhLNNrkE54ByNb
976,4TUuC1PIAxD4xpKMqSav39
977,4Tn0OiQAkJEeVR85UnmhQ9
978,4UFXNifqriiCiHCmgix71R
979,4UHEoew3fahvflerra3xES
980,4Un7JHK2qPIC69AtmcKR1r
981,4VMzl247gK0ToVPGyU40iK
982,4VZdwHD8Pq9ta3riD9PmCB
983,4VrASNJeUIVk44Rm2sno4W
984,4VrRH0Wvln2QXcpyHtnMDK
985,4Vsn4BJnuKcxnL6JhmAzgm
986,4WJRnq73JUHi3NdXf3Iqr2
987,4WP0v3zq4AdeG9iP5e0PEw
988,4WPwf6fyXeic747GtvoAdj
989,4WUDhN8tPSScLxc3bg2ZLh
990,4WUat5xfHPTPtZFAnwFgmy
991,4WloFycpTiiwAPcjsk6MUx
992,4XFwQP92q8qyaZTZ9qMvhg
993,4XqkfJ4X8VnTLCZR4w9HzH
994,4YFXX89kmLKSm6nNKQkz1v
995,4YhS7p9yaI5hfhOv2BW07i
996,4ZAzOwLwPiN476iiVd7hyp
997,4ZAzhedjlxyCtNcA9NsfaU
998,4ZRkhkdRYYyJLvuCIOj25q
999,4ZUe8bhCDQwoRBVDMfeMbC
1000,4ZtNFJjL2ng5eYCeIv14GV
1001,4aCFhGze2OrPTzmJvbw7pO
1002,4aG6V1a4tW6frsRCofKDym
1003,4aRvNv4RdIfDQtd7NcMzsk
1004,4aSbQ9JsL9bKLOWOenAkVu
1005,4b0stzXX9WK3Y0rq2OnuN1
1006,4bsCifpxQ0z9NsK4rVi0pT
1007,4buAipcE761FwpH6BnZJdP
1008,4cFTbQ6NLzJD6FdAfh1qL3
1009,4cI6jf3yHAGvp6VUUvlDMp
1010,4cK3rfBTGBOMJdur1gMD4D
1011,4cUZdSveMm0hEFE2Rv7tWS
1012,4ccuOAbYCjpdvjUhb8k8yL
1013,4d3V5KIqppPeKmVYVr6QPU
1014,4d9JsI4uKKiw1o6g2BoWVJ
1015,4dH2uagWw1OHkcDJH4LZzH
1016,4dTzNMGDLYtLbfd3ws6595
1017,4dYGx5PDYVSdZ5FlPfBYm0
1018,4doKvCLGfJPpvu6DsCubq2
1019,4eHUo9WtkixyudGbhSkH3d
1020,4ekiUQkZP9omY6ep2XwoK
1021,4esnulHKCBHTjjmEYppFAC
1022,4f3WBvn5fEXCsWwx2oHJlv
1023,4fLlfAKow4YDsiNxubrQhA
1024,4fOxLrA4hzd9HzXjVVtq3j
1025,4fPNMFbDbUAj5w5mZhVLXP
1026,4g0hs1KMMYdqJDjtulWNfC
1027,4gHcRaHT2VUimsLAuGfy6F
1028,4gQe2rn7aIS68slcZJDGVY
1029,4gSkAk1zjNqhyVb8yJ7qe8
1030,4gt3VxdtW0OSbKOymN1kDA
1031,4hA6Xyn9C6q6mjuO8gSoAw
1032,4hVYTVieLUtvmZ8ZXSqa17
1033,4hb2ivRc2qmZarcJ0FTU09
1034,4hcKAHC4xVvh2pCKnxLffm
1035,4hzF91dyrsdj36ph24UtWz
1036,4i1y3bpYjCSqx43l7wciUk
1037,4jHhqxnrZiATcoLwuXWoW4
1038,4jTAB3VUimBJmvPohPdNvd
1039,4jTnVIOR4uoCGtz9F48VLE
1040,4jUdNJCoGX0Qv0n1U9pLzM
1041,4jWKWX5Yxoo5N6XN936IpV
1042,4k6VAIZPLSluPOuI5XEpjR
1043,4k8ZOMVdYlXu4IPxCA65sV
1044,4kI7TMiMCjfprAkfBr7Lqm
1045,4kX6wuDeSbwxlExRXRK0Iz
1046,4kdSbg5MFlV2BkfyS4tHbq
1047,4kuIWWI4YyCtEgIdvyTEID
1048,4l28aKE2mOE5bjPnfoFVJI
1049,4l2rcrX42BUihHhrGyndxZ
1050,4l35T0s6ecb6uVcPZdNMdj
1051,4lHWrGGGozqvtPx3fBNzQx
1052,4lrfimdvNHtFp76tbmE9qa
1053,4m1oCy5D6QOZ9VNaV9YoF8
1054,4mLYPS8IR6vPy0V978eySQ
1055,4mwE2oo5zZFFzbyP6agpqy
1056,4n3dSxeNxe4igQiPrRcUQ
1057,4n50fPMv8r30dv7v6uEjZ1
1058,4nANpOcPF4iEBgJN7ru0Sm
1059,4nDK7NUyZ1HUXDNHuoLOdj
1060,4nSWZDXQiUCTUo9IPTVuuy
1061,4nVJlwr7jb9U2OLJ4DRfh9
1062,4nfdk29B1USENy6uVEInII
1063,4nydM5koN7iAg7McD0X9ir
1064,4o9Vw7zyI6TkljKQQwSCCa
1065,4oFkNqxapowTXRdWNXBcNk
1066,4oSJ6vjUL7XztUEJm8KSu1
1067,4oeDj1vKiwQfV4EpyBydYX
1068,4ogRN5vcGDzCYZQjVU4o5R
1069,4owJwpkh41NFJAW7VBsxEf
1070,4pU39jfWGRTJW8dFPfdbu0
1071,4pg73zWu1ojcKeQrssmSJF
1072,4pifYEtn2ByCjoyaAzZggQ
1073,4pk8xao5Ig2cMMKT5Iiic6
1074,4pt4jaERoowRtFiKKYFxoP
1075,4q3S44Tlc997z1ZiV7xwdW
1076,4qP0XhJV3tn2l8S2J7PELn
1077,4qfGIo7KHTIg9G9LIEpPa1
1078,4qrKi48wf12Vh7VEqRxvpV
1079,4rd6HqZE8uRsvSO4tKpd1Y
1080,4rk5rKGVbb7StPz3JtItGm
1081,4sLpR6XSSMukmBN63jtEqR
1082,4tLHOpMf4TNmgRkfYtQ70y
1083,4tslAT3aOSINHbAVMZPxR3
1084,4tzKITmsaoMQOW8vePru3C
1085,4u7sOo7BNMJhy3Mzy1MWop
1086,4u8RM0A1g3ekf6HrOWLS18
1087,4uOXCpDfdIKmHpOTPkt1U3
1088,4uR7q4zzzHSQ4eHTwN8ZbS
1089,4ubeNiOWNahPauxhdYPMm1
1090,4unopeEuhPu5EeuTM4hBsz
1091,4uo4brGw04rH28lVyicQON
1092,4urqIFUQe21kjJbMlXeDvj
1093,4uwvkQBzxe7oauz8yHUTKZ
1094,4uzmkZrVV6GhsuwdRsCv2f
1095,4vH9C45gjddbSaeXZfKJRC
1096,4w0Lb7mI9ytXOPabhfB3po
1097,4w2cKBpB0lGSk3zTEMdBr2
1098,4w8docMnWBUdrg7h0bQD9
1099,4wG0xUrKX56QyKZxsauZSv
1100,4wYDCB63C4o5Xmrwo5IIGg
1101,4wlNiHaPSYzZUQPO8uEwXS
1102,4wseEftBRpZOzBZT7W6y5M
1103,4wyVu2gmpgSJ75gEAqryi8
1104,4x8wNdaV0bBBZhh4aobqbS
1105,4xBngyS8uacOO8T9NkN4dx
1106,4xBqrHqTcSGOVWsaF6GXgr
1107,4xFXgzRMY6fkHLYIKq3w4k
1108,4xmiDVYES11R8QgBi5lkmF
1109,4y4CYxGzoK79VOlspJqL90
1110,4yJw34v2plMOXYh7HEoLvd
1111,4yVN3YUShRRapVYhgC2cvH
1112,4ymx0thO2zSexQubQI0QG2
1113,4zBjJgaYCdXRWV61Astr1W
1114,4zX480E8XyibDpuzyyDSDR
1115,4zkk217keCbwOI0Ts4TXBV
1116,4zol7gEYqTgHgOtuVFREjr
1117,50MU8KQ5GRct05Av3TrN5E
1118,50WY92I1FgSEgleHAMFqlY
1119,50X8unRHDNmPYsxE1pM9CI
1120,51DC3bTV8ofbmMxWNDq1Kl
1121,51EzR9we25g5nTQ8R9d9FR
1122,51FwwQjQnUrv0x3rv4xuzE
1123,51GiI6DMFAY8viyzfF33rD
1124,51PCfH3RwcvjV49tpGUk0p
1125,51YOFRzNDyFtmyydRGRP2A
1126,51a5Um0HB0hIDvD13LBrUp
1127,51b4Uwrpy3Zh1wRv78QnZl
1128,51peAQ3oWTtf9gzRWRiOUf
1129,51ppjXI2ekEhVIMdxd1VAv
1130,51rQQkj893m2kMoZOQI2jx
1131,52GbZDrE7ND6kResKgISoH
1132,52Hv31HnKbRT1FdFgbwokL
1133,52wLe1FDb79mbEBRHPuxOW
1134,531tkFeDAfguFS0ZCUT4CS
1135,53AanUHzNpfQR6DgdhYSvJ
1136,53UXpOndPolHnmir6wBm9N
1137,547mp3KpsQIp0hSztwZOYp
1138,54MffpTAIJkzeaaBvbN73v
1139,54NipDVHc1zib95AD2NytR
1140,54V7gtSwVUGCWHLAkBqLTW
1141,54ztEnuUPNHGOX3TUXv7Du
1142,557EgtdHYjYTUNYUW4CcNB
1143,55Hm2IjzrcYBGfQcWKRfnd
1144,55JbHXwPzO39ec05mmBhpv
1145,567KUOYAFNVJGFqkYbuXIC
1146,56UquUPEtHD6Gi4f5AI62I
1147,56sUJxvoynEAF2RjEZMLeg
1148,56zg1qWADpSM9gu5UC41Wo
1149,576rPb0kcgxyCc4sBfGziu
1150,57ETuuypM7W8yD9dKHphVu
1151,57HZi34OyhBh9x0yHd0akL
1152,57R1YvVHmQpfdKSlRMZ7Wb
1153,57ZpUdBgq42CQdMvILmFv8
1154,580V4aegJzXP6ofKSHW5XW
1155,581jEDtJt62SRSsgbNHhbJ
1156,58I2DdkQwn2az3gp9bU8xc
1157,58ZMrNallrtZQt3iEBYkF5
1158,58lQVOZEeA8qo3zI9WqES5
1159,59U58P8Hs4uVTqXH5BeK8c
1160,59hMqtxnV1dLMyAMltyo9Z
1161,59qqLD4DQtNNaCGPYdmlyp
1162,5A9BeVC6aqxFldjdCDo5xm
1163,5ARu6kbrktuJRZesTPfUxq
1164,5AbV0PJv3DR78TCWPqBu5X
1165,5AjrizxmBw2eKdWKDY2ycf
1166,5B7FkVPJFPcOqzX4qon4XU
1167,5BAtnmOmQLbziuAQJoHXXE
1168,5BBEELrxS7ZSPoEDUHGsV9
1169,5BO9nqOx4F8JHjKXREFeA6
1170,5BTC7KMRljyWvz5fEh6fAa
1171,5ByetO9rS5Ntw1tOOMAzZV
1172,5CNL0ltkczCCsegHHxe5Yg
1173,5CkikgEZlkp3DDxGATQoJN
1174,5Clw5QbZMfGR8lSK5mz7bp
1175,5CykIjw3ffoZhgxm4RvxSb
1176,5CzjhmUNrmRqmriKey4Qaf
1177,5DQPRtdwTi5V3g9uKs1EDZ
1178,5DUMIVi5LNdIUnYpaXT9Ps
1179,5DflguZN6UXv8pfbYZdLEa
1180,5EHszgpBYBtTK25pJWGWX8
1181,5Elj2DhuBrbMtHqxVDxVej
1182,5F79fc93dDHx7xdbH9TIi9
1183,5F8XYqJ4Zl8wtLdlvLhly4
1184,5FGLHxyinacc4oVf9qO9qj
1185,5Fv9qjZekikZflrm4x0zzA
1186,5GWdsWRpYw6KSZaLBCdUWG
1187,5HPoMO1YnUyz1ZHLq6BmaE
1188,5HTR4AMm3w9x0tAOwb0DKW
1189,5HUxIvT0nhUv8WpBiNLTni
1190,5HUzXNv9YBJPLlXmnK06my
1191,5HVRf37CxLaLeEAxEwcDmQ
1192,5HjXdJSdRK9uEE4LZMSQQd
1193,5I7I3ZmgHyvP6Isw2Yk2Ag
1194,5IADMDxtuUGp1SKCl9rGTy
1195,5IKTK8vinmutAPDQnwBqU6
1196,5INi1nWfzFAZTNKExq8Nox
1197,5INikr46wdwtt8x5olpFVI
1198,5IWjXA47ZDUyL9HxhulZjT
1199,5IvuGrOsa4aZQ4CYsJlYz
1200,5J5u1HYUnlgInt233QtN74
1201,5JALVoA6A7pXAMAk8AnySE
1202,5JGfbsjfbYuTEnN46hcohJ
1203,5JcPr3cfCGZPnVTDcslNub
1204,5JedlGAhh4Wi2133neAn9Z
1205,5Jh9vyLi1uCJlteL6f8XOK
1206,5Jo6oNSavq9zctusNSZUMX
1207,5Jt0WKSGY8t9kOMNQIYCeQ
1208,5JzJIjdgOvEyXzHH0ARJwp
1209,5KJ2jrpPCJZahCTV0qoKsP
1210,5Ksml4EPWX3fg8KPTJH78g
1211,5L1auXcCp8IoHXCprCmMVN
1212,5L2JuyfuQpIGAnLDOe7AvJ
1213,5L6Dtl1KWtyyIhSI6WDhtE
1214,5LIL6G3W2gDHJQ5cZqnNo2
1215,5LcQ2MkoY0l568Jj8T7ath
1216,5Lj0LlpO6avtPsxfs47K3I
1217,5LtqlN5vdTnaPhO3f1zwJ7
1218,5M6ytmR6WDLupGUEJ5ISSU
1219,5MWv5s2uc5LgOOuzDdNvTV
1220,5MXym3z8ASTdbfzJdjfT7b
1221,5NzBGMmzq9uk96XL8yZbxm
1222,5O0IsiCsRlU9mSSSMhNYr5
1223,5OATrX2MtzaPjEkTNsfv0s
1224,5OKFenBjRgBDPjqI6Q0HfC
1225,5OQqGTwyx6eFtMmHkqWdJq
1226,5Oe8cQKQ5a8AswOVMTjgsy
1227,5Oow8BWbDvaO6JSvlbUXk8
1228,5OpJ7R3UWuw2MCjCej5BpE
1229,5OyrLfsXk8MoJLNtbSAs4Q
1230,5P6FduGbjTGLAVA30pKUJ1
1231,5PCzT62p8kPiESRycRAc84
1232,5POUlonVKui1lewSWxkSe6
1233,5PPtNCvw1rwwqHodQTK1zT
1234,5PYwcRmMDJu3tBWZI6uO53
1235,5PasjrWHktTJ2nTAGveuXv
1236,5Pjg4NHhMPfdhVxlTMK7Pr
1237,5Pyp8vrIgSxaka3jmZ4nFW
1238,5QkhXEi5WlPxBuB8Ii6Fjj
1239,5QtGshYd670zadROPXJCR8
1240,5R6nJ3oUufObUgO3wTLIbo
1241,5R7itXa6AIdQ8gXjopGCYS
1242,5RZ4tcZTHWyIGKPQpQhKyl
1243,5Rbuaii36p6viGM3lABb22
1244,5RcmIBwnn6AobjwSTvomBb
1245,5Rf8uervJvTdeORz0hTyM3
1246,5RgRHBYCcUihlxLqsx2Yxj
1247,5RoiEYCnchvLyGfA1FFjak
1248,5Rs4N04zznMh9DbZuBJaY3
1249,5RtvB1UfVEKv6m1lMQ0qz1
1250,5RzyX6akvGeTXZ4KarcSmH
1251,5S6LdDQ6A0wkJUpJlRNJKD
1252,5SOZD5SoLyo0rn0RnXCJyP
1253,5SV5ZngFjGGQuMxMmDyaAx
1254,5SVn8CdVo71yVgsrJ2WYRA
1255,5SdccFzzniUeXohFhQ4FdY
1256,5SoZAMbtYQbqIZh9Cb6Xk5
1257,5T573bnz31v7X3RVjbZoOF
1258,5ThauFNSU4OOhWVVc8g9EK
1259,5U5OGc3Dbq3LED2pgFtnWm
1260,5UM1VA09XngXna5dtCDS1h
1261,5UTGO9gx8oaQrKU771S3kl
1262,5UVv9EiV03HauLdHq3Ibmz
1263,5Ufrzjfd6poah2wcXQOdY5
1264,5VNdI8d9KB5WOQSc6qmWy5
1265,5Vcw4v6TN1lYB7bLkHCG4X
1266,5ViL1Ptl2cYshl2qtnBmfB
1267,5VvKhBscbZuPuMrAuW5L8y
1268,5W761QbJP6gSrqccoLiCBZ
1269,5WKhEU1evMQDeCYLF4TS2y
1270,5WLnfOuSaZKKUSijz7ZFfp
1271,5WLsvutjHHzef9H5CEFyMz
1272,5Wa3y9jOwBYR0L8SJuvNwc
1273,5WdC0BNFDIZ1cXIk7PmWoZ
1274,5Wkju6CpoWDhDdHl3to8sX
1275,5Wlz4WslXvfR03w2kWKhAv
1276,5WwiBoZL8vIGKcmUwrYDzW
1277,5Wx9JFTIvk1F7d6a5Mx3UK
1278,5XJcEjSDz7sr5TGNHTaFi8
1279,5XPqt3l6BGNm9qzzh1OQKB
1280,5YAJ7wmioZx9ZeB3fRP0Ei
1281,5Yc7350my43InBgHNyfTLf
1282,5Yf0rEgqzB0h4L5YdqrcXW
1283,5YgB6XX9EYc54NJwB8vIEh
1284,5Ymsq6OwcZuh86FceiKQog
1285,5YpceOJTNSU9QYTDkJSt52
1286,5Yuk47sa4fPsA0A3ysCDk3
1287,5Yvo5iNp6GGyxAHdoDhTEp
1288,5ZAV99kLdUXN2SbfL7JeAA
1289,5a0MuyVylFOz40Rv9eVwk6
1290,5a29D8GcZToqVTVAby4okZ
1291,5a3Mi9lFA5gmOCHaZfWHX6
1292,5a834LLMOLiz8PyESvIM7G
1293,5aMDoPmcXEEs0q9I2ooJSy
1294,5aN3m9O7TukPgKd7hbmo0r
1295,5aUmEjV5yrXEy9qvpgfa76
1296,5aWJzYaRsu7bZ4yBYP80fX
1297,5b4GqgDyU5MI3DbTdUc6y0
1298,5bCWW9JVFuHtgI4DX2I65T
1299,5bWtdUhb5HiBJHOS4gs7uV
1300,5be9noMWKppxesiAuDR2wy
1301,5biCCQqDejsVxMjWiM1gZT
1302,5bjsmMuhCG4gH2O9qrD6DW
1303,5cSSbEBE4TvDRId6GVwD0y
1304,5cY00wvlt3f0t5BWZKcC6r
1305,5cqp1gDBVdzWX6DfzVLOHG
1306,5dV5J98XsIS9Kz6yG34BHF
1307,5dmI1txu3g1c0ls7utvgSW
1308,5dpZo07gw3BGRaau56jsR8
1309,5dxDAvPclUSf1Ga8WBFwMP
1310,5dyMbm9uyUB89zYnvosPgY
1311,5eAtawf1LFX3rkiPG878CN
1312,5eS8rBBZ7C2QH4eX2h9fKK
1313,5ejMjLzDhQr6u07o8Cgq6R
1314,5f8UrTszVTgPT7aFClC9Jt
1315,5fCOdLBTfvHt1FHRDacSfn
1316,5fWaOjXdJneAkY9zokXioE
1317,5fXsxcI2U71uLbAWgN50Ul
1318,5faHGVG8SDL5cZcC2eVAh6
1319,5fm9jXMdtMumrN5XnUaBxS
1320,5g2G422bPx03LdxHO9Dwt
1321,5g8hSpVkWwkdgabJ4U3MMg
1322,5gG7RIhO8WH2UQhqJNxWPp
1323,5gTz4RmpeOdEaGDmNQT9hn
1324,5gVs8p50yO6sZsZL3Imvbo
1325,5gVwdMcMmO71bYERSJNqvw
1326,5gm0Ti56fnOedAMnT4PJ7o
1327,5h7pBmgc8L1AbpeqwICeYu
1328,5hVTjR44hl6GL1YFKXLWHV
1329,5iPX6rVxAjzY6lPyS5RWK3
1330,5ibrr34duRPfMVQZJS3mJI
1331,5j9ltsE6Ely8DKJnO9wkaY
1332,5jYtuIkHPlw0Oz3658h6Ds
1333,5jYySzNjoW5Cp65KZJyHvH
1334,5jvqZqxDT1fkiDPyKfQUCJ
1335,5kW80EmPOn4SOeX6epZiKP
1336,5kwrePWBDfKqHb4pkEVm8Q
1337,5kzdUecaQg5xPo534bSmRX
1338,5lJitkskH8AAGnyBV3QJ20
1339,5lg8Bm1L5kF3CAAMEU0TK3
1340,5lhN5I1f0zwZQJjC2zScml
1341,5m503Wz3B6DvG1nnuFBpnA
1342,5m9Au9jUe8FDkpBTDSlv81
1343,5mUtXWA0gut8mScVzs2MJ
1344,5mdZ7HjSGrixLbnFozA4Ew
1345,5mwCJC0OBRVfTJkPO2ktYi
1346,5nXwwQaAUI3VAheBzFr6xE
1347,5o2d0kByTdNUwJKMJ1dOUe
1348,5oLqKJcUxbuYle44wCGXns
1349,5oRXM8s8OnA78NIIFm4CMq
1350,5oWyHCV6lpMWisbtwaDecT
1351,5oeISu0V3N5EsAkRkclLSY
1352,5oo0ROJmxREPI1Rkg5JuXy
1353,5pFqwg5ldILS7dD8u0qSXw
1354,5pG5z00ugGinJ4laVKUykQ
1355,5pNErYMEMVvopGHX9Pcyjl
1356,5pWHFrgsyp5gaWMhzlRvUF
1357,5pia6ZEr0a0S4rf62jSH4K
1358,5qAeR8gt2XPpJrRDEprGx1
1359,5rJyMLtTgfesvHcATbOTDN
1360,5rKUDtQ6LBb2RwQ4idijZ
1361,5rsOYU3nmanNB6PTjXV4HR
1362,5s2s1ssbcPAIEikv9UToAc
1363,5sDphXsFJ7oL9HBvuWtDdw
1364,5sQl8B0XCYGeG208UP99CG
1365,5sYZNcYCspofX8ee5kz9vv
1366,5skR1qN8GDmJIQI1fdkXHX
1367,5tBvjdW4k8shH5s6tPD787
1368,5tRIjgLlIlmFiPVC3c52xs
1369,5tZzZFMdosQEMMF7OHCdyQ
1370,5tbp7G9SRJWxsVzvCIgmQ2
1371,5tp2KhAfZYjl3vcPm3i8JI
1372,5uNa6Kpc5AIGoiqT8KBs2J
1373,5uO6TumRldadoXcWGyq5Oc
1374,5uQ1v3ZcGt80chGVU8PuK3
1375,5uVUjIBBdFfyc21k29oGCv
1376,5ugH54asUx4AWUuhfw0xtl
1377,5unq5LwI1NEWbj1tqr4XRO
1378,5uorvzGgSyRP1HE1cyD2HL
1379,5vDU7ftf2cm10dVXQ3SwMO
1380,5vKPoMGyEQNwbY1XJ3ej2X
1381,5vYHTskEr1HYE49zEiCVdv
1382,5vbOWIj4RhD1fwANtoGifQ
1383,5vcHMUYBZunV0hlwkHQZ2f
1384,5voboBSIJmJidfwHU36f7r
1385,5vvJwqzSoSQZIGlMFZ2aAo
1386,5w9NF6HFsBt739YtMqtrLS
1387,5wBpyYraNaeMlyjYotI4jf
1388,5wLGojENHvJ1ewDtpo96qn
1389,5wP93ggU5xK0AQVetAyW1x
1390,5wRGmLUoasTqtdMiWDjjjK
1391,5wdM82P3k4dz2fmbqQxyYG
1392,5wdlTc1CO12z82nzuDDXEq
1393,5wj3wp1zT5vvfYg7RDvxSf
1394,5x01r9l2cMg1yWkTyCf49J
1395,5x9btHlNenjusb5eBryZe2
1396,5xMeNhzyvJnF9xNTP7FiqR
1397,5xi6M6giybRc2bITsu4FaX
1398,5xpaXVy477hdCyAQSMViKX
1399,5y6e0o0EVziwkNaYPsLhDy
1400,5yAq124NZi8vl78oNKO5nG
1401,5yR64F75S67odLllQC1sD5
1402,5ynmhX76MamPj8EsVQU3GS
1403,5zJYnXZInSs3etWtCCOBY0
1404,5zLRmWjzALS1WoPHmhWsm3
1405,5zlD9z0h1lRlCmpf4vQGGC
1406,5zn6uord5nRNHioaP4LjSY
1407,6040VPcxuGww72FUNAb0Xg
1408,60NoJpwNfBBSr82JU8Yug0
1409,60TX6ERtLRssUzuqatOdQk
1410,60Vt7H3D30iUo2bHzfphCG
1411,60bIUBx5K8c18zGakuaYXE
1412,60gHcXspDWq2tLQMQXDH54
1413,60mOTSTffl8GfMh5ks1Gfh
1414,618SBoubR3tYhKtBOFuPKL
1415,61H9n4mSDr84Sa9jqGhFjy
1416,61SSggS2gNqE948SLO0rAa
1417,61aqPgVlvieSO6cf5wNPdJ
1418,61e1JrUIJATr88uTtcrflj
1419,623Pl9xtboqSZdV2hcXREN
1420,6273HJYkYn7KEa8SjF6dBx
1421,62ALNIXC0TnaTRtW6HwGwT
1422,62AbOKJA1jo0QcywT7E6FQ
1423,62BXYx3G8wkRsKV8EJiq0h
1424,62JelnMXtZ8i3ArzliuQDr
1425,62xJHor293uXe5RaO3jDjS
1426,63GMmkOTL8vpHSZZFiYD7p
1427,63XVhQwTaLFy2Re9aoLpx3
1428,63nQ3RioOtikN0xjbOPRLy
1429,63vutc4nYI8f1l0qPNJJCF
1430,64E1yPvktUEEOr5582KIpn
1431,64EouDJ55elom9s7darSXz
1432,64XHHzfa0OkNKqgUzEQEw4
1433,64kRrmLO0f85W7Z4J8ZMX1
1434,64xS1VA62K98r9Zq9cLCX6
1435,65E4vE5A5JwMiNvcD5cC7i
1436,65VAaaDREo8ARyBTfoYvKn
1437,65WM3hc7b086VN0w86mZ4L
1438,65bZJOq9zb2Enq2m78tpqm
1439,66faAxhRO9xWzHpkv0QecR
1440,66iEAo3oaKxEr7zKqhY6nq
1441,66tbD1tlVP5a5R6njkswzx
1442,66zVQmNPiBsiSkGajq5N1V
1443,67P2jaPeveEPaf5HLbKYUY
1444,67TNFrXFBUBCPjXaFWWre1
1445,67juEXpyIxqCRVGPCuMtN0
1446,680BeWYaaOiO88sPpfVADH
1447,682SbJcbNgvwHhwV1qHcaf
1448,684kDtmPovLhxCJsoL4Cyd
1449,68KPricIztdiqtMjCCbCyp
1450,68Xu4Vzq9vSOOTMcxhTq1E
1451,68o37bC9hlK5jedAm0DRVb
1452,68x4QHuUbKyT3OtpWIt5uz
1453,69CfHTsSFmv09gyY67uKvD
1454,69UAdtmBT8ehztpxLqiodb
1455,69Yq9YpH2IsoOOVSa0mdTk
1456,69b8jGXUSNF1LCv8jJkyTf
1457,69fJp6mYQgJ2mI9E2HJyf0
1458,69lpJ8om2jITAVxUgfD99n
1459,69udI3Z6KQb9Fl5NDqdmJa
1460,69wKLTjowEVFj3mMZsJNsl
1461,6A6f0XUI34rSFOp9FuiwXD
1462,6AB8pk7Hevn66ahrGvmAz6
1463,6APNgutPAlcyO1RosbTueR
1464,6AZgHQREy16YuMAxYLiuLA
1465,6AkVjgGIB8mvX0pbxBruop
1466,6AotdiTwJakVjRqeFUhrB2
1467,6BQaiiqfL9mJZWadjgfGvm
1468,6BbWGxIgPQkfffEXk6dz1l
1469,6Bd6mEiTevwnpvv1sCLtan
1470,6Bs22yzUTLxCihTYSing4p
1471,6BzfQuZhrTuEaZ7sfrvrxF
1472,6C3SYIFJ3cIx9Xtu0J3Xpa
1473,6CKQDrOC4paO0uFBFXZvLw
1474,6Ccet6kJe02halvj8W1UO9
1475,6Clm9WpE7xtZwEVOXEadk7
1476,6D4rZjPvesQt4dECvh3tYR
1477,6DCt5ms6e2U7woxScBEWJA
1478,6DKmbxpFD4Zly2PU9CW9PU
1479,6DXZhyoLE1U2p6p7RA3SMz
1480,6Dg9oTQXXKUG9ix9bGXEL0
1481,6DjfcPAY3s7KTdBtnoVRgi
1482,6E1Zukmh4WWKClZsws5BvT
1483,6EUDX2Q4h98LXRTc4g2hWq
1484,6EWDBAES4shTH9iFqsCTNB
1485,6Ej5LIYO0g0BoSG9J5kMQv
1486,6F2YTqJhzkO61INhEzBVMg
1487,6FbYarMABJLfIxOHVfiFnp
1488,6FblZcpuUw4b1aOgHGS8CA
1489,6Fv8tncPSeNgBxYUYKGhry
1490,6G2IuGB6dv3HN1m3UtZcm
1491,6G62T9Hyib9z9tNo9bIlKQ
1492,6GZoFaTm9Bf9AU7NJsmrCt
1493,6HJf2LjMmpqsKkonay6yWZ
1494,6HSPMr9W6GkQQ51SYGSTVb
1495,6ICzHVtpp1ZSbELelgotM
1496,6IHkCkhfG9MHmFBSVFseae
1497,6ISgwSx03VutULhWZKClde
1498,6IcX9wE79rDDjR4wmvzOGo
1499,6IdHZxNfwytXhX6j8u8bZR
1500,6If1hJ9GEv3hpje8MLV15z
1501,6IhdeSsEk4wOyLfVpvVI8y
1502,6KARNDGoctsezJ6RNQ3eiP
1503,6KKTuVbE1S3gvgD8Y9IQpM
1504,6KkV6RI43Yry4iRQLFE1uT
1505,6Kzf6wUanw8ODno0OJww1L
1506,6LDvkdrtvGUqTNm2ne3ylt
1507,6Li268saxGOpvuZJAuSaAH
1508,6MTCXJ4YEvAgv6oM6Qiqji
1509,6Mpi3ZJput83DdYtTqYnru
1510,6MqjYV0mYhBfbwne412JXb
1511,6MzDZGU5369T8o10sAgthR
1512,6NBkqi73ah2IirLnbhboW
1513,6NQrj2NUj3IimcTDDP9UeZ
1514,6NaUssiy3eiZuU2AikHWY7
1515,6NlZXlYnlzBdYt8YqfYZey
1516,6NtOVhShRZQzFaXb072C3t
1517,6NwwuPF1Gpby1fphkSzvUe
1518,6O1MMfk8nQ46pnpSgKk1M5
1519,6OF7Xg5gfpaemdQyCOCYBe
1520,6OlLyD7qhWFMK1kwiFfKsK
1521,6OpVgxvIbQKRdBEjhrSXCI
1522,6PIYCIkxtVxGe2WSp5ppKR
1523,6Pbo4aORNUJdeUylu2YtCE
1524,6PejNKRQ82BMETLypVQACS
1525,6PfuRYyaFZaAUrRDhHyMhw
1526,6Q3KytggKWSfe0TL8yba8Y
1527,6Q3z11WB9vnAwbsOcn80Hf
1528,6Q6O9W3SnGoIpYoZqMQo3D
1529,6QDHOiSIEzkgj4WaEpjlCw
1530,6QL87XpYF1FvypaHCoWNE2
1531,6QYGOApqJef6n7rbn6lhzc
1532,6QlPpPv7bp54haifvJUozJ
1533,6QvUllERaD2mi5UjIVpUo6
1534,6R7rMtd2dLCUS2QXClYAVe
1535,6R99y1jC5FS0tf9TvC4yFI
1536,6R9vww7TkATwV0KqSBoiYL
1537,6RspjmqWFRCjejmGVVRJWO
1538,6S8sBRuDUAPZ7LBPCJVCCn
1539,6SCrg23cOUXgsSnc5hub1u
1540,6SFV5LHghKWiz7LVi55e9S
1541,6SJJ5jmZf6PgcgY35hoG4M
1542,6SRxCwtsLOCzzQb2U2VRdA
1543,6SXMnCjp2iqsavc2ipw3xg
1544,6T3vJy3M4vnSvzFpLV8Wm6
1545,6TPRym1x8gsSAzxY5sll7X
1546,6TPWcupfmfG2UZSys7vfAh
1547,6TZdAr2Gc3KgxH8DAhgjfD
1548,6Tw6K4ZB9E5Lt8elQ6E1lF
1549,6UPwjHQ1pvt1mmFQIlNb0U
1550,6UlT2YZCjV2SBO3EXcm0uB
1551,6UmJcSN9wJG8ugi76m6q8h
1552,6V3ISYA1QvZM7vH3exYTMa
1553,6VHAKcwskri7OkioPsn4SH
1554,6WJNY2HlsFPlWUivBhQ88X
1555,6XJL2Tt2RfRinIPNpe752p
1556,6XzjEg3Zm4ho2pL9Lc4Jk4
1557,6YFJMmMyE6sHEZybFHM2hB
1558,6YfCUYmuXrcg5kEEzJGhB5
1559,6Z1e81X9hRIQ98foSAX4zr
1560,6ZIyrA7hrBUBqW2wFDq7Rm
1561,6ZSSx4oUjZqpNwujdbjDLs
1562,6ZYdd5eJML0El5uIECqJpS
1563,6ZZSbMpL6uPCoI7e5mXtib
1564,6Zb9X9t2KyAfmLEDCyeK0G
1565,6ZpY7611cdwMM5JBgnuvdX
1566,6ZvzE8OPFXF0YMXqj1fzJ1
1567,6axr3JN5ehjX5XnpFBDPg
1568,6b9PM5S3TLAVpGX4LKUcHx
1569,6bCd3P5BMHyeQrJ5BqCaGL
1570,6bFcOrYXk9yaPNmHmCDDI
1571,6bOWiqeeU6FIjt2k1wpXJF
1572,6bi1N6nW25yV3D5egFekED
1573,6biqfKf0Wv61ti3sNJ49SE
1574,6bsK2Vuh1PEKU0gPisERRm
1575,6c6PMod1bthY3vlPFuzA3f
1576,6cNFNjvf2FwJUzmcqEonV0
1577,6cNLyzpunMBGie0DFLDDf6
1578,6cTm91fQnmV8MdoagoToCm
1579,6cpAR6GZYXee0OJnjs2A6m
1580,6dHByNueckjgAPGRTTCUAu
1581,6dOXnbqllFBuv0XO4QKAL3
1582,6dqf9jvR5hAKirhSG4jXtI
1583,6eaVjov9SZVuNNomZv8GuU
1584,6etuupJVyOTjhLelsguTLV
1585,6fGY4YfTu2UQhIocJQWYA3
1586,6fKn9cYDRPBzzdpcax6glP
1587,6fOgsEGf9SN7uUHnwrUFWp
1588,6fkW36iLNydvFANAONVQyE
1589,6fs1uS7IMEvO1adVnqYCMW
1590,6fwYuGxCSDQIn7Uklk1emG
1591,6gxeA2c0alTQ1bh9RZI82M
1592,6h5GwmS2ubfvoLaHwsTG9t
1593,6h8OZm98v3Pa2vN52yDsBX
1594,6h8QGc8OeGhKtuX4Vk2fGF
1595,6hCJdnoBt4P9JbXA1iqexb
1596,6hgVKQkP4GBrF089U0k6y1
1597,6hs50Nxrb5BfRM8gf7BGVN
1598,6htTGfUqjxiJLZ85dz3isU
1599,6i9VTuL4ZOgBHUEJp3qH5R
1600,6iIUehOV4k4X1VnfbC4csB
1601,6iR9fbNbnnXYfUJ6SUiRV6
1602,6iT9kMIEF93d5CfS94cNoY
1603,6ilgBGXlSZtW5rVZKuolab
1604,6j0Mf0mHflNfBMKjMJk3gC
1605,6jT2Pihbl5RUDZ5ICw5P3D
1606,6jh37O03ujEMwdxpZMqU0v
1607,6jsrn8r66hEMygh5WKyvzB
1608,6kesGfootYgxgwg862gOBU
1609,6l4omvyxGzywgNBbjfvhFw
1610,6lIhxpsXnubRmNkdrZlJnv
1611,6lUWNaRK8Xg7DSU8E8WdxJ
1612,6lbdKPo8K6FA8OdLirTssI
1613,6lcbUdJH41ZcoaezNjOTlW
1614,6lyyZy9XoqZ8TqpgxR1mdN
1615,6m1d34JOdtuT0tyjy37cSy
1616,6m5WrmeNdFpNCGf13fHukj
1617,6mNJHIVg7bzxw7iA9T7jmy
1618,6mOBmSbrLlpjGL9vvkDX2Z
1619,6mTB0szKBLErvQKNmggHIg
1620,6mywfmfVH58LECzewAvHO7
1621,6n9yATTAnJWgCEIQIwg1sj
1622,6nHt5CUseD1IC1w4khL9vz
1623,6nOEzqDL6Bmw7Fad1b8yBj
1624,6nSBcAX8aRtiSRSIHuy31y
1625,6ndDXGE3PnAqA1Zv4E4XCO
1626,6neUEKgdUuBHUsZ9QUJVQY
1627,6njPxL4fmgs1mB4bsHXve0
1628,6nrT65O6ohxSho2ugxPoIN
1629,6o1Oo7UEDWhy5uQVC8qarb
1630,6oSBkcC0gFSjt9Neug0PEw
1631,6oawrW3AsVz8evAxo9TyBv
1632,6ojUd02JO0hfZrmY10InNr
1633,6omuADBxphDzI1mQOR30v6
1634,6on9R39MQw9jPrjiIf9VdP
1635,6ovXyRGe10xHNzKigvoPdv
1636,6p2afhD2ArTvqtPRkLoE08
1637,6pMor9ImttLHuP5M5MAUa9
1638,6pfmPoMPKGJb3IEV0eYnJC
1639,6pjUu2ebdjExk69v1ACLDM
1640,6pqeQfomP81YGYa1YyKTeU
1641,6q2jYXj2EbnxakpkFMlPe2
1642,6q9aYLlfGGzk6zcszuCe9q
1643,6qdst3xPeVOmnlZhWtWJlf
1644,6qnmX3m0Sw1C8KNWviZDtd
1645,6qw7O7tbPMEj9ofYExWPZa
1646,6r7j6TyTm1fd1nO3oDgYDd
1647,6rJitvLZitXUKG5Rc71u0t
1648,6rOJNrw0sAqgA3CKiiKevg
1649,6rVLr5O8DtTTJloNJsluv4
1650,6rkgXNHonoV5s2VcPwzZdY
1651,6rsEezt3Ftys7LbYaIHEbm
1652,6rwKDR3p8sWobk85Dcibtw
1653,6sJvcOCFHlf93XVy8heEmi
1654,6sMU4RZDe4nJeXI5vE2YOf
1655,6sVOEcuBgIg45qZr4SxUPI
1656,6tKGxR9begbYT40htz6yW0
1657,6tSLcTq18Lr8Zbn5IhQ8EY
1658,6tXYfP2e3yI6tfHT0iaXHe
1659,6tge0vcFgjoPOofN9i6VG5
1660,6u1n9UQ4JRMRQnTlslmhb6
1661,6uJZbD8Wx2zOYlmvT8qHH9
1662,6uOvCWbtVc4JAkhROViDyD
1663,6uV1pfTySCpDHqopyzwDmK
1664,6ugMgvLphQu0Qqg56y2Hr
1665,6ujHYx2VC3BkyDnIkd1mzC
1666,6usypbaRRUTs1HHedyfWw8
1667,6v8888ErW1wwiH0kUfTCso
1668,6v9jLl3E3zq9UwXWkxqR5Z
1669,6vEU670FnhncC43DQ1g9f6
1670,6vQDWy7v9Dtn74m7CFfnc3
1671,6vVhPl1y6bGtOFzipoZKCu
1672,6vpLL8xGnAgFuvMk45VkO5
1673,6w3vI1C58P0q2hDWMxU3rM
1674,6wEdgiIfPomJxyf5ewX3NT
1675,6weJPzkUZpwXxiI7pmdrMD
1676,6wpcPHl82KyjIorPgUs78n
1677,6wx4VuuMTcFzK94hArgXzo
1678,6x75ydrLRcwspvlfzBCm2E
1679,6xB7VnezGm91BPL9txbyZE
1680,6xC5EsOgHDd4O95Dg2afUC
1681,6xIdvShegRXAteongCSRdG
1682,6xPCsJ5EdeuFYHgyGhcKWm
1683,6xaakcKChKMMCWLD7WVmql
1684,6xfcjYzM48MTzYQlemKhsB
1685,6xuTFhGmnuK9fG99E26YRP
1686,6ySm0o25B9d9v0nARXOYiR
1687,6yaEd4ivUqkUV0Klfhd0No
1688,6yhSXwGulidgBn6EjlM3vj
1689,6z8Y1EUPJ2BG5aRFKi7KF
1690,6z9rTKTgPdeLauWKqK1KWe
1691,6zNEQ5YWh5uF3LXddbSfUA
1692,705mkeT8liyrXGo0RGT9nS
1693,70BaYKKgH6FIQ3V6FYSafc
1694,70SrPDsmuEwkLsGND50Hzx
1695,70e9SCre0Uh7RnV29jS4VS
1696,70hGMulTXvuRtmX984zOZn
1697,710bOHsGbGiSYUf9vt8MC5
1698,719fdY2UBcyt4fWhyiSHOT
1699,71E2PFALYHN6QDYrfsUNEx
1700,71N24W3A1Wd4ZdTy0z5V62
1701,71Vo6vUJyMZzdX6r923wPM
1702,71rv0AIajD0QGXTwp0r5yL
1703,72KfV6ucXc4wjtJqZLVV2T
1704,72seqPjuLEFEjjNbqIYEyw
1705,72x6AE7XAwdoeqhDRcraEj
1706,73BIOthSKe99UKNkz9RJyu
1707,73eNQmN6taRNAHTvNclQBV
1708,740vU3oRwxPRczNGRFyfNv
1709,74Av3pBzEEPumGLCijtVPA
1710,74KpdH6dGQRjI0D8OoDmTL
1711,74OXLqGoZVgRgrt0oGmRw5
1712,74kDnMCzbqqvgUlxgC1DKu
1713,75cnaYHzdojhq6qFzkM52x
1714,75fZOOvRN5nfn4CLOjU9Vq
1715,75mzazXpF3tZhBSEKXb4C5
1716,75pdWMqRHMMgQsSIMZnCVX
1717,76JnkvFPzQIBsy7xpWliK6
1718,76MbFMU22zZ6STMeVXIPQI
1719,76OS81hMhAaxH5HGt8IqsN
1720,76SyjwXJYJjcKG8cLBEj9V
1721,76UR7qpRixYUrb7nztng0G
1722,76bXwv5lLTfWqg2lpPTiTn
1723,76nPbLlP7n9aHV11N3LD6f
1724,76xPjOyRPakLQXvBJr1D3g
1725,76zzGPR3MmWhfmU4l5GbfW
1726,775TMhCZFDdImu8j7ud9JJ
1727,77KEutdrhOKqSy4yKhRLec
1728,77WzgPjWp4CUg1hnlInrrr
1729,77ZzZU8DMwCjIolFNu5Mm8
1730,77wY2WiMPeqo8tZkpn4vPd
1731,78EUNnhStzgH3PSy7hcpEG
1732,78KTFSCsluWYgyR1IO0Tvs
1733,78MhL0qmTmqNnYHGcn94lC
1734,78Wy3J9pknRGLdH9fDQwaz
1735,78b80C1NMUqS5UydHihaDW
1736,78e2t7y3g04RORdXYsbquq
1737,78gD8gkJ8FgZ7rKyDAPMpr
1738,795TfTPtgW9mDWtOrD4zw5
1739,79CWiVUWNZw0xyKcaJfJCe
1740,79DPoJXjQU7L1u5XrIWYnk
1741,7A0xwP2E09IxLgGE0PEVge
1742,7A67UG3JHxBsdGcE9nOVJq
1743,7AKpra2Vk12y8jxbyEWEyA
1744,7AU5o72htU1hK1rd01bfig
1745,7Am9SknMhG9Z89CWrio8y1
1746,7Ao1JJxx8QNoYbDMWk57iK
1747,7ApNNCnt9ROJeM0eQ2yVKM
1748,7AuLXpGvBka7oVJy5B3R8p
1749,7BYzIM7pzpJ7s0j31Ljk8W
1750,7BiwoKbI2OSbt9bLL0Xj21
1751,7ByWwl2gsdvvhySNPOEnxU
1752,7C3BiyPjmWjjUXirA8TTP6
1753,7C3PuA9xDhjf6woJxgQVo1
1754,7CMngB923hhhMh1CLmKioE
1755,7COeDKPW45ZQLYqgUwMI6m
1756,7CbxOdD8CphOLFQ585L3IP
1757,7CnT8X5MglAHE5gbgbDiw8
1758,7Cv6aMHSzmArKXpVWUjI2C
1759,7DEcmll1oavpzBC4S7Ms0V
1760,7DHIXI8DzYTHt0bRW1SMMP
1761,7DMn6IHvvAhf9XXere6IUC
1762,7DnLmOnNdgOzkZNjqbwOBx
1763,7DqQERUDlpYtjboGXPNdiG
1764,7EAuEaIOhl7ApKwVKiy40o
1765,7EMnbJHMygGBvfMP6xnpid
1766,7ER9YXo0B37Pxquub0jwPA
1767,7EoKS5fJjLurd1j6UtXqiT
1768,7EoxHiFFtqLoKNUo1t8SKf
1769,7F2wdx5HilyqSINjmt1c4j
1770,7FHNkvPYw2IvfUpvDV3shM
1771,7FUZtPNhNT476EfyRaAXWk
1772,7FY8VnR6VWz9I6gZriRTsw
1773,7Fh2Y4AmfUYg8IVdov3dEw
1774,7FtwNI0Vr4wX7pPGcbSfql
1775,7FuiHYHR7z0Trb9t4apjdY
1776,7G5MddDUMfxH8svNElUCHu
1777,7G7HXf4f8oISfRIvJR4dqS
1778,7G9vgdiNlyqP4IwXWOqoPM
1779,7GtJZdYpzPMN1luohnXHBb
1780,7HNZIiytB4e7OG4vJIsb1g
1781,7Ho1zctgrIJYtko6Zfh3QC
1782,7Hutbbj729fyn9xSDdANTF
1783,7I3swwptsxl8sS5HfuoJDG
1784,7IKlKMZ46KG2GrCiz13Y58
1785,7IP6rgZxqZsJEJ84yylshk
1786,7IUF0uco6s09nYTMZU2ywt
1787,7IagT7W0CjCIoE9a2VIzkn
1788,7IajCY6eNkCLPgIDszJBYC
1789,7IyM1ANKGeOakRc7hP9RhE
1790,7JjVTNXBJtngf1xlJhRYmT
1791,7K0VM4RQIYNl2AqDULCIRt
1792,7K1fHpwjc82MRifpEkRcm8
1793,7KKeRk9veCAHzF8YWdZgEM
1794,7KZIeKxFEejA2lBoupLC6U
1795,7Ko4WmcM5JQD0yOg4Fp4ry
1796,7Kpi5Z2ib74pptqoJWPyBW
1797,7LROohMPGsToH2nc8yY511
1798,7Lbvdq9YzJcvwNqMkiPXsp
1799,7LrFOtJn5MSw3I7YsKdTFl
1800,7MKuxMatqlnUfwT0XqBGL5
1801,7MMk7fTxX8us9pF87XyaKO
1802,7Min8O6HnPSX4wVEyNOEOQ
1803,7MltxO6j7Iqx7RM6UQjqCf
1804,7MwxMxN6ecsLnIrN34coQB
1805,7Mx77fGBKFybpYurbA930N
1806,7N0ruB3NLOwOGAA7F2cKIt
1807,7aBF0LpPBPtKs17mO23TPN
1808,7aP2cPGxbbXPOzYAsdighE
1809,7aStZZeimeCmYIIHxgbck5
1810,7abYjru5i8fXCkjQ57Psqm
1811,7aiXUDmtN6JUVwVSJFZKXt
1812,7aoXtRinLo3oQPzAldbZFf
1813,7auyniHCmo9cFkcrgC9Toz
1814,7b1Ng2bSiAwbGfD7fI2Rei
1815,7b2nt6xIS0z7XgY2dWd5tv
1816,7b5DfVVfasVui7MtPEFovn
1817,7cCQWnPJtpiY1VRnWN4dxO
1818,7cJfBxj8Itr14knhrKm98V
1819,7cP54nDlk1cbDYgUJE3em7
1820,7cfpSDhmI4fOGiVgJHaWah
1821,7cocMHeuXAOevCoHjLx8tC
1822,7cr4s6ex9ekrsmgyuypnNV
1823,7dE7peZm8wdL41d0vx8X1B
1824,7dhppsi7mJ6ehrNMh8tjW0
1825,7dyksPwD6KOsHIAprOPwHX
1826,7eAWwK5BRPJlf9gd3oTgCG
1827,7eEsaqWPLmZxq2ts6tSdsl
1828,7eFQlI0MahPIasZW24LPJr
1829,7eLMm7FXo08sJOHPungrBJ
1830,7eNGoGhBzy9QwNubYts8FT
1831,7eXNHSQwT9eBOU8DySfxfN
1832,7ebWa5xeP0qwUXXBUqRskf
1833,7ekSvZZOFvXqNde8cIMfCV
1834,7fEWaOMaae2AoGr2yTzuUJ
1835,7fLCL8LgJxCXzPPRmiQrmg
1836,7fT1QKYVWeeVNMoGJYdCrh
1837,7fYNYRjswdz2DSlVv4DsyS
1838,7fjcfVF1y66FjjvOguC46x
1839,7fn9aHAS3FrMCmGj6zcSIZ
1840,7fqozLBTkTDCdPN4A4JWLz
1841,7gOuGKzejVSlT2wViVYtYR
1842,7gQ2vIf4Sr99MeXfVapdK3
1843,7gVPsj6N6ZKlbFMc8FHKeZ
1844,7gWB43S6XKVXC1gY86aCp6
1845,7gadYpJwYBsV5yLjrjb8Yp
1846,7hAejs6bnDY2OUTBpJQpl8
1847,7hle6yiPS67ErA1rHi4nJZ
1848,7hnz0jdXDwtaqHyyHdqPqC
1849,7hteYaXjV5Tncqnk1GzAZr
1850,7iGfp2Oa48H6Z8tnPZhFnR
1851,7iJGlzmNORiAsUjHtf10lD
1852,7iQOkOF7azfrKApu1H6eQS
1853,7iYqSblfn6MmnqsJn5SvNk
1854,7ildXMGltbqKng5zbldLzG
1855,7j03jSD9rkchfc19msJjGD
1856,7j2uJ6inxD9xknPv6ip3d1
1857,7jF7xHMIl2Cu9CiNGDAlzL
1858,7jGe74vdj7UFZ33TaN6Ept
1859,7jWZ6jXSxed7nZ2jh31ERZ
1860,7joFUeWwKpFmA9KvfiL0AH
1861,7jsvdRqEQXBf8x3MRCCOkS
1862,7kBYk99vz5jTc5gOm2eJaf
1863,7kNGXQqrR2wRsQweP13FoP
1864,7kXjgRXoKHBf9DLMlAunGt
1865,7kclLJc4o4CVJLL99B45OD
1866,7l6ZNYjASjydi8Sd38kTSX
1867,7lA9GchOeSLNYIyCVuyEEC
1868,7llGvXdSSdMV0vrgvLvJB8
1869,7m0dRlYqZPFv8vQO1p76a3
1870,7m2WfUNLP8E5O76e8LY2jM
1871,7mjo90e6re1g70KJZJN7dn
1872,7mnqsbFGzSx3usbAjkWz3L
1873,7nFV1plgBdu2hO4R2Kc1lX
1874,7oRkMV61eWy6ZCeixJYwbI
1875,7oaWNhZD4oz39sMdjzNku9
1876,7ojaENIPJt9mMa17y7NQQ6
1877,7otk5UF3eOnjgl6AhVq2sF
1878,7p3lawkqrrquRfiJuEFH0Q
1879,7pUmI80m21oi93yC8gt16v
1880,7pf3tDNGznoFcJbWoAFUz6
1881,7pgvTeSClP1YzByV91UFu5
1882,7qHBJ9vzRsRddksZEUhYBy
1883,7qisCpbwjBVSuAu9ZzbIFi
1884,7qm7xF6xWa3O1e2ItGQWZN
1885,7qmVNGPEZ44PpwtmYfuSxr
1886,7qtvJxTocblbVqN3st6N5z
1887,7r6Haiq4NZ9DFOkCZMnbhP
1888,7r7UdJClYxt7UqQ6fHPu5u
1889,7rCii4uBE4KkQzUqt0YXtv
1890,7rmColnAbrKjzmakcQz9eU
1891,7sOcajgwvcpGlWF9TKIUG3
1892,7t1w6Lw9mgp10EV4yFr5i4
1893,7tpsFriBMPM2VJjh2qzTJO
1894,7tznzUbAMc8rAvpNxvTjb
1895,7uOXZQEWVtSAeITGbwy0VK
1896,7uTQPUJevMpQuZWcQUySd4
1897,7ui4boktEdWu1iAnuruHfB
1898,7umq03LacG5UlkG2g9hocS
1899,7urFLvTNQe9WWA9GWBy5qC
1900,7vDm3Sq8rMhE0quZRUt9J3
1901,7vMMLlAohXxWoev6WeHVbK
1902,7vT0mxlMmENs8GT62FYLK7
1903,7vikgPY13IFINW6APOBwpL
1904,7w6SllZTFXUMhWb9XvcD8e
1905,7wCAqYn2uKM1fFUXG413dK
1906,7wVY1hzM0xZ9TCWYUyYCpU
1907,7weLKbuM8t1Nb9OC3KoJjB
1908,7xDckzkPRfa6rs5GbnGNBg
1909,7xV3Q8nhBinrX2by17mRhc
1910,7xiI1lcMsDaBonKTLU2YhU
1911,7xvWogzCOODWyxc55LplQj
1912,7yzXiPAgctp3K9GWlpxCLo
1913,7z9RwwotRTJfiiikW88BtD
1914,7zNS0j6dNGtHfRAD8XD6XZ
1915,7zaXf385rwPWmzlsLQl7Kd
1916,7zd3vnWnBEvStY4FilA32v
1917,7zmqH27cYjixNBOpY6H7Nq
1918,81J8s0BoE2itEoLhF9dmQ
1919,873qIEK2MPOyX4LmSB7Km
1920,885dj2uqI9KKv0eWTBHOr
1921,89gAwRzoBhJ2uhH8jr82K
1922,8DnSAQb33njxcC8b6u7dy
1923,8KPXlU34zA0nLbYDsqfyN
1924,8MiBVniY61uLTgOVVdCds
1925,8RFsVpSei6mtxBBFdQnyc
1926,9POU3EA9hi7H5Gcc55OxO
1927,9jWDFoc9IwTWiGxVG0u7V
1928,9qenpNzzYdwZR6CVyGmb5
1929,9rDztTQvKqDe3L5HKPJld
1930,ADaYtiIQoxgARX2W16tRx
1931,AMUWaVkQX64eLxX0DToAS
1932,AtOTRBVDNco4OAxnXHb8W
1933,AxJCsNV98WD3m65BmHWuV
1934,BOOyFgMb28w5eoPJoMrm7
1935,BVODIg2BzcH2J2SAlxU4D
1936,BjGk5G8hJkB4xIqKF34i8
1937,Bs1a2U0yJLEe8wyxmGiog
1938,Bu5GUWaXJ4hlGDV8TKrnr
1939,C6dHwu6SzQxaKILfbYzjh
1940,C79mZOaXyv2Z3R4BLbSJf
1941,CVLBqbg9XALLetnoldQS4
1942,DGUyKbn2wFRYaOjndxoIo
1943,Db3j9YEgMuwwmoGRNsKLf
1944,DwbXt74XijMu0Sev2fbGd
1945,E6YWGrq3ftWmjJ7pr4nXL
1946,E7C0WnaeglUgJdN2VUfZJ
1947,EMXA4OgmojNnNbHkwlPDC
1948,EuvKg7KSAR1ep1O31Riyr
1949,Ev4hqjqnehbfhLzeISBNg
1950,FHkATVKqSowZ4JB3ihqrh
1951,FbNngB0jE8wK5umhkvnxp
1952,FlFMUp5SOEVihhtx9976F
1953,GXRb8xbhHmU3EouzsJt9l
1954,HCd62bopJfAmFoIjjk1q3
1955,HPtOYmW90LfAQfI84UXEc
1956,HqsbDMH3go8lD3j4s2kgR
1957,Hy5NvqDfhv0BOeyjORhOF
1958,I5XQNNVL1Mp2ZqbrFSZMM
1959,IG1kFiVaiHqphTIKxaget
1960,IYZgPHwKRaBS5w4EdtYJo
1961,Ixfmij6bjLwXfGRy4OilU
1962,J0A5fP8lIiTXR3MAHx2Ts
1963,JFOYFSdZbL1E1SNqa5tnq
1964,JPWeDtaasDKQulD5dsCSK
1965,JSayaoFwgBp5JKN08lnZX
1966,Jcc66oIfb1MhLqfm3Bs8k
1967,JkZzTAcPD2ejcpFxppmQQ
1968,JmeiUQxmZA9Cg7A2X72fl
1969,JueIlsI7kOSiK2jKWSjqb
1970,JunbLmPnrYEBhlvzf7mk0
1971,KJFXfBFURATerBjCD3zOJ
1972,KeX72dblM7Q8r48avwU5w
1973,Krzt4KgISOh2jtGBRUaJ7
1974,KtYSrFcFv4JKtvxrI9two
1975,KyDkp9MC1C5gKPw0AGKTI
1976,L1CqKgSQlMkiRLlrGykpq
1977,LHawdH6pgZ9JAH3TSUcL6
1978,LJ7y72DIRlzLlrymiwl54
1979,LJHuquRB0jzKBHuwk1iSf
1980,LMqMP7zUj1x69g2wN4tHK
1981,Lkyk8zEf79WkThGZPV3Is
1982,LoD64t0TeRhBhh8jW96ka
1983,M0DlHake38985gySzXluY
1984,MTxf6m6VuCo3c1kNrxida
1985,McbXV4GxWyXvgMTuq6iw5
1986,MdfUnxwkFeuuZsp3lnhSa
1987,Mha5U6qcP2g2ejDFHMJHz
1988,NEhyvrmDcpckw4j6qaQkF
1989,NS8mLRgMCr0VTSpIJP6mP
1990,NY7uzUQgcS9RTxXZML7r8
1991,O2NHBdsZxqWoYxyFYo4OX
1992,ORQaupwM0azCxTLF3WIW6
1993,PFBMgomxu4WIWemmbJkIX
1994,PN9qAvCwUViyf0ODk6eLO
1995,Pf4mUQiuDKK2X7OUNJcq2
1996,Pg2SRaPS7OGTb3hVwobje
1997,Py3SLcV34NxXRUBA97ZW5
1998,QDeZjZTxazBVgMCbJZbuP
1999,QDmBxzE299Oic0twilTuU
